Annotations id,Annotations data Source,Annotations description,Annotations scope,Annotations start Date,Annotations end Date,Annotations locations,Annotations asns,Annotations event Type,Annotations linked Url,Annotations locations Details.name,Annotations locations Details.code,Annotations outage.outage Cause,Annotations outage.outage Type,Annotations asns Details.asn,Annotations asns Details.name,Annotations asns Details.location,Annotations asns Details.location.code,Annotations asns Details.location.name
1463,ALL,Disruption to connectivity on Election Day,,2025-10-30T13:15:00Z,2025-11-03T14:00:00Z,TZ,,OUTAGE,https://bsky.app/profile/radar.cloudflare.com/post/3m4df6i7hjk25,Tanzania,TZ,GOVERNMENT_DIRECTED,NATIONWIDE,,,,,
1462,ALL,Disruption to connectivity on Election Day,,2025-10-29T09:30:00Z,2025-10-30T11:30:00Z,TZ,,OUTAGE,https://bsky.app/profile/radar.cloudflare.com/post/3m4df6i7hjk25,Tanzania,TZ,GOVERNMENT_DIRECTED,NATIONWIDE,,,,,
1461,ALL,Hurricane Melissa causing power and Internet outages in Jamaica,,2025-10-28T13:00:00Z,,JM,,OUTAGE,https://x.com/CloudflareRadar/status/1983188999461319102,Jamaica,JM,WEATHER,NATIONWIDE,,,,,
1460,ALL,Reports of a loss of submarine cable (WACS) connectivity,,2025-10-23T03:45:00Z,2025-10-23T21:00:00Z,CM,15964;30992;36912,OUTAGE,https://teleasu.tv/internet-graves-perturbations-observees-ce-jeudi-23-octobre-2025/,Cameroon,CM,CABLE_CUT,NATIONWIDE,15964;30992;36912,CAMNET-AS;MTN-NS-CAMEROON;ORANGECM,[object Object];[object Object];[object Object],,
1458,ALL,Temporary service disruption on landline network,Fastweb,2025-10-22T08:15:00Z,2025-10-22T12:15:00Z,IT,12874,OUTAGE,https://x.com/CloudflareRadar/status/1980941224191361389,Italy,IT,TECHNICAL_PROBLEM,NETWORK,12874,FASTWEB,,IT,Italy
1459,ALL,Disruption apparently related to PEACE submarine cable cut,StormFiber/Cybernet,2025-10-20T12:30:00Z,2025-10-20T21:00:00Z,PK,9541,OUTAGE,https://x.com/ZubairKhanPK/status/1980700064944423276/photo/1,Pakistan,PK,CABLE_CUT,NETWORK,9541,CYBERNET-AP,,PK,Pakistan
1456,ALL,Damage to international fiber infrastructure,Digicel Haiti,2025-10-16T18:30:00Z,2025-10-16T22:00:00Z,HT,27653,OUTAGE,https://noc.social/@cloudflareradar/115386212945178170,Haiti,HT,CABLE_CUT,NETWORK,27653,Digicel Haiti,,HT,Haiti
1423,ALL,Widespread outage affecting phone & data services,Vodafone UK,2025-10-13T14:00:00Z,2025-10-13T16:00:00Z,GB,5378;25135,OUTAGE,https://bsky.app/profile/radar.cloudflare.com/post/3m33hvh2ltq2e,United Kingdom,GB,TECHNICAL_PROBLEM,NETWORK,5378;25135,Vodafone UK;vodafone_uk_asn,[object Object];[object Object],,
1419,ALL,"Issue acknowledged, no cause provided",Smartfren,2025-10-03T02:00:00Z,2025-10-03T10:00:00Z,ID,18004,OUTAGE,https://www.liputan6.com/tekno/read/6175380/smartfren-error-hari-ini-3-oktober-warganet-ramai-keluhkan-tak-bisa-internetan,Indonesia,ID,TECHNICAL_PROBLEM,NETWORK,18004,WIRELESSNET-ID,,ID,Indonesia
1417,ALL,Taliban orders Internet service shut down,,2025-09-29T12:38:00Z,2025-10-01T11:45:00Z,AF,,OUTAGE,https://blog.cloudflare.com/nationwide-internet-shutdown-in-afghanistan/,Afghanistan,AF,GOVERNMENT_DIRECTED,NATIONWIDE,,,,,
1416,ALL,Taliban orders Internet services shut down,,2025-09-29T11:33:00Z,2025-09-29T11:53:00Z,AF,,OUTAGE,https://blog.cloudflare.com/nationwide-internet-shutdown-in-afghanistan/,Afghanistan,AF,GOVERNMENT_DIRECTED,NATIONWIDE,,,,,
1415,ALL,Service disrupted due to major cable breaks,Telkom,2025-09-27T08:00:00Z,2025-09-27T14:00:00Z,ZA,37457,OUTAGE,https://mybroadband.co.za/news/cellular/612245-telkom-network-suffers-national-outage.html,South Africa,ZA,CABLE_CUT,NETWORK,37457,Telkom-Internet,,ZA,South Africa
1414,ALL,Stray bullet damaged fiber optic cable,Spectrum Texas,2025-09-26T18:15:00Z,2025-09-26T20:00:00Z,US,11427,OUTAGE,https://www.msn.com/en-us/news/technology/spectrum-internet-outage-in-dallas-caused-by-stray-bullet-spokesperson-says/ar-AA1NohL9,United States,US,CABLE_CUT,NETWORK,11427,TWC-11427-TEXAS,,US,United States
1412,ALL,Outage in one of two upstream providers,Nayatel,2025-09-24T09:15:00Z,2025-09-24T10:45:00Z,PK,23674,OUTAGE,https://bsky.app/profile/radar.cloudflare.com/post/3lzlihqopbc2a,Pakistan,PK,TECHNICAL_PROBLEM,NETWORK,23674,NAYATEL-PK,,PK,Pakistan
1413,ALL,Outage in one of two upstream providers,Transworld,2025-09-24T09:15:00Z,2025-09-24T12:15:00Z,PK,38193,OUTAGE,https://bsky.app/profile/radar.cloudflare.com/post/3lzlihqopbc2a,Pakistan,PK,TECHNICAL_PROBLEM,NETWORK,38193,TWA-AS-AP,,PK,Pakistan
1411,ALL,Three power cables cut by a contractor,,2025-09-16T11:15:00Z,2025-09-16T18:30:00Z,GI,,OUTAGE,https://bsky.app/profile/radar.cloudflare.com/post/3lyykvuty7c2s,Gibraltar,GI,POWER_OUTAGE,NATIONWIDE,,,,,
1378,ALL,Reported Starlink outage,SpaceX Starlink,2025-09-15T04:00:00Z,2025-09-15T05:00:00Z,,14593,OUTAGE,https://bsky.app/profile/radar.cloudflare.com/post/3lyutqr6tfc2s,,,UNKNOWN,NETWORK,14593,SPACEX-STARLINK,,US,United States
1345,ALL,Latest round of shutdowns to prevent cheating on exams,"Asiacell, Halasat, HulumTele, Zainas, Earthlink",2025-09-11T03:00:00Z,2025-09-11T05:00:00Z,IQ,51684;58322;203214;59588;199739,OUTAGE,https://x.com/CloudflareRadar/status/1960329607892066370,Iraq,IQ,GOVERNMENT_DIRECTED,NATIONWIDE,51684;58322;203214;59588;199739,ASIACELL;halasat;HulumTele;ZAINAS-IQ;Earthlink-DMCC-IQ,[object Object];[object Object];[object Object];[object Object];[object Object],,
1377,ALL,Issue affecting FTTx and Enterprise connectivity,RSAWEB,2025-09-10T15:00:00Z,2025-09-10T16:30:00Z,ZA,37053,OUTAGE,https://bsky.app/profile/radar.cloudflare.com/post/3lyinz4bjv22s,South Africa,ZA,UNKNOWN,NETWORK,37053,RSAWEB-AS,,ZA,South Africa
1376,ALL,Unexpected outage of the Antonio Guiteras thermoelectric power plant,,2025-09-10T13:15:00Z,2025-09-11T17:24:00Z,CU,27725,OUTAGE,https://bsky.app/profile/radar.cloudflare.com/post/3lyijqfn4yn2y,Cuba,CU,POWER_OUTAGE,NATIONWIDE,27725,Empresa de Telecomunicaciones de Cuba S.A,,CU,Cuba
1344,ALL,Latest round of shutdowns to prevent cheating on exams,"Asiacell, Halasat, HulumTele, Zainas, Earthlink",2025-09-10T03:00:00Z,2025-09-10T05:00:00Z,IQ,51684;58322;203214;59588;199739,OUTAGE,https://x.com/CloudflareRadar/status/1960329607892066370,Iraq,IQ,GOVERNMENT_DIRECTED,NATIONWIDE,51684;58322;203214;59588;199739,ASIACELL;halasat;HulumTele;ZAINAS-IQ;Earthlink-DMCC-IQ,[object Object];[object Object];[object Object];[object Object];[object Object],,
1343,ALL,Latest round of shutdowns to prevent cheating on exams,"Asiacell, Halasat, HulumTele, Zainas, Earthlink",2025-09-09T03:00:00Z,2025-09-09T05:00:00Z,IQ,51684;58322;203214;59588;199739,OUTAGE,https://x.com/CloudflareRadar/status/1960329607892066370,Iraq,IQ,GOVERNMENT_DIRECTED,NATIONWIDE,51684;58322;203214;59588;199739,ASIACELL;halasat;HulumTele;ZAINAS-IQ;Earthlink-DMCC-IQ,[object Object];[object Object];[object Object];[object Object];[object Object],,
1336,ALL,Latest round of shutdowns to prevent cheating on exams,"Kurdistan region: KorekTel, IQ Online, KNET, Newroz Telecom",2025-09-08T03:30:00Z,2025-09-08T04:30:00Z,IQ,59625;48492;206206;21277,OUTAGE,https://x.com/CloudflareRadar/status/1960324662740529354,Iraq,IQ,GOVERNMENT_DIRECTED,REGIONAL,59625;48492;206206;21277,KorekTel;IQ-Online;KNET;Newroz-Telecom-ASN,[object Object];[object Object];[object Object];[object Object],,
1340,ALL,Latest round of shutdowns to prevent cheating on exams,"Asiacell, Halasat, HulumTele, Zainas, Earthlink",2025-09-08T03:00:00Z,2025-09-08T05:00:00Z,IQ,51684;58322;203214;59588;199739,OUTAGE,https://x.com/CloudflareRadar/status/1960329607892066370,Iraq,IQ,GOVERNMENT_DIRECTED,NATIONWIDE,51684;58322;203214;59588;199739,ASIACELL;halasat;HulumTele;ZAINAS-IQ;Earthlink-DMCC-IQ,[object Object];[object Object];[object Object];[object Object];[object Object],,
1339,ALL,Latest round of shutdowns to prevent cheating on exams,"Asiacell, Halasat, HulumTele, Zainas, Earthlink",2025-09-07T03:00:00Z,2025-09-07T05:00:00Z,IQ,51684;58322;203214;59588;199739,OUTAGE,https://x.com/CloudflareRadar/status/1960329607892066370,Iraq,IQ,GOVERNMENT_DIRECTED,NATIONWIDE,51684;58322;203214;59588;199739,ASIACELL;halasat;HulumTele;ZAINAS-IQ;Earthlink-DMCC-IQ,[object Object];[object Object];[object Object];[object Object];[object Object],,
1418,ALL,SMW4 & IMEWE cable cuts in the Red Sea,Punjab & Sindh,2025-09-06T12:00:00Z,2025-09-06T20:00:00Z,PK,,OUTAGE,https://x.com/CloudflareRadar/status/1964727353420263560,Pakistan,PK,CABLE_CUT,REGIONAL,,,,,
1342,ALL,Impact of SMW4 & IMEWE submarine cable issues near Jeddah,Punjab Sindh,2025-09-06T12:00:00Z,2025-09-06T20:00:00Z,PK,,OUTAGE,https://x.com/CloudflareRadar/status/1964727353420263560,Pakistan,PK,CABLE_CUT,REGIONAL,,,,,
1341,ALL,Impact of SMW4 & IMEWE submarine cable issues near Jeddah,"Du, Etisalat",2025-09-06T11:00:00Z,2025-09-06T22:00:00Z,AE,15802;8966,OUTAGE,https://x.com/CloudflareRadar/status/1964727353420263560,United Arab Emirates,AE,CABLE_CUT,NETWORK,15802;8966,DU-AS1;Etisalat-AS,[object Object];[object Object],,
1335,ALL,Latest round of shutdowns to prevent cheating on exams,"Kurdistan region: KorekTel, IQ Online, KNET, Newroz Telecom",2025-09-06T03:30:00Z,2025-09-06T04:30:00Z,IQ,59625;48492;206206;21277,OUTAGE,https://x.com/CloudflareRadar/status/1960324662740529354,Iraq,IQ,GOVERNMENT_DIRECTED,REGIONAL,59625;48492;206206;21277,KorekTel;IQ-Online;KNET;Newroz-Telecom-ASN,[object Object];[object Object];[object Object];[object Object],,
1338,ALL,Latest round of shutdowns to prevent cheating on exams,"Asiacell, Halasat, HulumTele, Zainas, Earthlink",2025-09-06T03:00:00Z,2025-09-06T05:00:00Z,IQ,51684;58322;203214;59588;199739,OUTAGE,https://x.com/CloudflareRadar/status/1960329607892066370,Iraq,IQ,GOVERNMENT_DIRECTED,NATIONWIDE,51684;58322;203214;59588;199739,ASIACELL;halasat;HulumTele;ZAINAS-IQ;Earthlink-DMCC-IQ,[object Object];[object Object];[object Object];[object Object];[object Object],,
1327,ALL,Latest round of shutdowns to prevent cheating on exams,"Kurdistan region: KorekTel, IQ Online, KNET, Newroz Telecom",2025-09-03T03:30:00Z,2025-09-03T04:30:00Z,IQ,59625;48492;206206;21277,OUTAGE,https://x.com/CloudflareRadar/status/1960324662740529354,Iraq,IQ,GOVERNMENT_DIRECTED,REGIONAL,59625;48492;206206;21277,KorekTel;IQ-Online;KNET;Newroz-Telecom-ASN,[object Object];[object Object];[object Object];[object Object],,
1333,ALL,Latest round of shutdowns to prevent cheating on exams,"Asiacell, Halasat, HulumTele, Zainas, Earthlink",2025-09-03T03:00:00Z,2025-09-03T05:00:00Z,IQ,51684;58322;203214;59588;199739,OUTAGE,https://x.com/CloudflareRadar/status/1960329607892066370,Iraq,IQ,GOVERNMENT_DIRECTED,NATIONWIDE,51684;58322;203214;59588;199739,ASIACELL;halasat;HulumTele;ZAINAS-IQ;Earthlink-DMCC-IQ,[object Object];[object Object];[object Object];[object Object];[object Object],,
1332,ALL,Latest round of shutdowns to prevent cheating on exams,"Asiacell, Halasat, HulumTele, Zainas, Earthlink",2025-09-02T03:00:00Z,2025-09-02T05:00:00Z,IQ,51684;58322;203214;59588;199739,OUTAGE,https://x.com/CloudflareRadar/status/1960329607892066370,Iraq,IQ,GOVERNMENT_DIRECTED,NATIONWIDE,51684;58322;203214;59588;199739,ASIACELL;halasat;HulumTele;ZAINAS-IQ;Earthlink-DMCC-IQ,[object Object];[object Object];[object Object];[object Object];[object Object],,
1326,ALL,Latest round of shutdowns to prevent cheating on exams,"Kurdistan region: KorekTel, IQ Online, KNET, Newroz Telecom",2025-09-01T03:30:00Z,2025-09-01T04:30:00Z,IQ,59625;48492;206206;21277,OUTAGE,https://x.com/CloudflareRadar/status/1960324662740529354,Iraq,IQ,GOVERNMENT_DIRECTED,REGIONAL,59625;48492;206206;21277,KorekTel;IQ-Online;KNET;Newroz-Telecom-ASN,[object Object];[object Object];[object Object];[object Object],,
1331,ALL,Latest round of shutdowns to prevent cheating on exams,"Asiacell, Halasat, HulumTele, Zainas, Earthlink",2025-09-01T03:00:00Z,2025-09-01T05:00:00Z,IQ,51684;58322;203214;59588;199739,OUTAGE,https://x.com/CloudflareRadar/status/1960329607892066370,Iraq,IQ,GOVERNMENT_DIRECTED,NATIONWIDE,51684;58322;203214;59588;199739,ASIACELL;halasat;HulumTele;ZAINAS-IQ;Earthlink-DMCC-IQ,[object Object];[object Object];[object Object];[object Object];[object Object],,
1330,ALL,Latest round of shutdowns to prevent cheating on exams,"Asiacell, Halasat, HulumTele, Zainas, Earthlink",2025-08-31T03:00:00Z,2025-08-31T05:00:00Z,IQ,51684;58322;203214;59588;199739,OUTAGE,https://x.com/CloudflareRadar/status/1960329607892066370,Iraq,IQ,GOVERNMENT_DIRECTED,NATIONWIDE,51684;58322;203214;59588;199739,ASIACELL;halasat;HulumTele;ZAINAS-IQ;Earthlink-DMCC-IQ,[object Object];[object Object];[object Object];[object Object];[object Object],,
1325,ALL,Latest round of shutdowns to prevent cheating on exams,"Kurdistan region: KorekTel, IQ Online, KNET, Newroz Telecom",2025-08-30T03:30:00Z,2025-08-30T04:30:00Z,IQ,59625;48492;206206;21277,OUTAGE,https://x.com/CloudflareRadar/status/1960324662740529354,Iraq,IQ,GOVERNMENT_DIRECTED,REGIONAL,59625;48492;206206;21277,KorekTel;IQ-Online;KNET;Newroz-Telecom-ASN,[object Object];[object Object];[object Object];[object Object],,
1329,ALL,Latest round of shutdowns to prevent cheating on exams,"Asiacell, Halasat, HulumTele, Zainas, Earthlink",2025-08-30T03:00:00Z,2025-08-30T05:00:00Z,IQ,51684;58322;203214;59588;199739,OUTAGE,https://x.com/CloudflareRadar/status/1960329607892066370,Iraq,IQ,GOVERNMENT_DIRECTED,NATIONWIDE,51684;58322;203214;59588;199739,ASIACELL;halasat;HulumTele;ZAINAS-IQ;Earthlink-DMCC-IQ,[object Object];[object Object];[object Object];[object Object];[object Object],,
1328,ALL,Latest round of shutdowns to prevent cheating on exams,"Asiacell, Halasat, HulumTele, Zainas, Earthlink",2025-08-28T03:00:00Z,2025-08-28T05:00:00Z,IQ,51684;58322;203214;59588;199739,OUTAGE,https://x.com/CloudflareRadar/status/1960329607892066370,Iraq,IQ,GOVERNMENT_DIRECTED,NATIONWIDE,51684;58322;203214;59588;199739,ASIACELL;halasat;HulumTele;ZAINAS-IQ;Earthlink-DMCC-IQ,[object Object];[object Object];[object Object];[object Object];[object Object],,
1324,ALL,"Confirmed power outage, per Aqualectra",,2025-08-27T06:45:00Z,2025-08-27T23:45:00Z,CW,52233;11081,OUTAGE,https://bsky.app/profile/radar.cloudflare.com/post/3lxf4cn53cv2p,Curaçao,CW,POWER_OUTAGE,NATIONWIDE,52233;11081,Columbus Communications Curacao N.V.;United Telecommunication Services UTS,[object Object];[object Object],,
1323,ALL,Latest round of shutdowns to prevent cheating on exams,"Kurdistan region: KorekTel, IQ Online, KNET, Newroz Telecom",2025-08-27T03:30:00Z,2025-08-27T04:30:00Z,IQ,59625;48492;206206;21277,OUTAGE,https://x.com/CloudflareRadar/status/1960324662740529354,Iraq,IQ,GOVERNMENT_DIRECTED,REGIONAL,59625;48492;206206;21277,KorekTel;IQ-Online;KNET;Newroz-Telecom-ASN,[object Object];[object Object];[object Object];[object Object],,
1322,ALL,Latest round of shutdowns to prevent cheating on exams,"Asiacell, Halasat, HulumTele, Zainas, Earthlink",2025-08-27T03:00:00Z,2025-08-27T05:00:00Z,IQ,51684;58322;203214;59588;199739,OUTAGE,https://x.com/CloudflareRadar/status/1960329607892066370,Iraq,IQ,GOVERNMENT_DIRECTED,NATIONWIDE,51684;58322;203214;59588;199739,ASIACELL;halasat;HulumTele;ZAINAS-IQ;Earthlink-DMCC-IQ,[object Object];[object Object];[object Object];[object Object];[object Object],,
1321,ALL,Cuts to fiber optic infrastructiure in the Delmas area,Digicel Haiti,2025-08-26T19:30:00Z,2025-08-26T23:00:00Z,HT,27653,OUTAGE,https://bsky.app/profile/radar.cloudflare.com/post/3lxdeml7h5k2p,Haiti,HT,CABLE_CUT,NETWORK,27653,Digicel Haiti,,HT,Haiti
1320,ALL,Latest round of shutdowns to prevent cheating on exams,"Asiacell, Halasat, HulumTele, Zainas, Earthlink",2025-08-26T03:00:00Z,2025-08-26T05:00:00Z,IQ,51684;58322;203214;59588;199739,OUTAGE,https://x.com/CloudflareRadar/status/1960329607892066370,Iraq,IQ,GOVERNMENT_DIRECTED,NATIONWIDE,51684;58322;203214;59588;199739,ASIACELL;halasat;HulumTele;ZAINAS-IQ;Earthlink-DMCC-IQ,[object Object];[object Object];[object Object];[object Object];[object Object],,
1319,ALL,Latest round of shutdowns to prevent cheating on exams,"Kurdistan region: KorekTel, IQ Online, KNET, Newroz Telecom",2025-08-25T03:30:00Z,2025-08-25T04:30:00Z,IQ,59625;48492;206206;21277,OUTAGE,https://x.com/CloudflareRadar/status/1960324662740529354,Iraq,IQ,GOVERNMENT_DIRECTED,REGIONAL,59625;48492;206206;21277,KorekTel;IQ-Online;KNET;Newroz-Telecom-ASN,[object Object];[object Object];[object Object];[object Object],,
1285,ALL,Technical error at the plant in Ygne on Gotland that caused Saturday's power outage,Gotland Island,2025-08-23T19:22:00Z,2025-08-23T21:36:00Z,SE,,OUTAGE,https://www.facebook.com/gotlandsenergi/posts/pfbid06souLMTc6hDZo9ah3xCYxHg1F5Kd8EEXVqsPy8QmyBPYhyPxBdruQVDVjCQJH6uzl,Sweden,SE,POWER_OUTAGE,REGIONAL,,,,,
1318,ALL,Latest round of shutdowns to prevent cheating on exams,"Kurdistan region: KorekTel, IQ Online, KNET, Newroz Telecom",2025-08-23T03:30:00Z,2025-08-23T04:30:00Z,IQ,59625;48492;206206;21277,OUTAGE,https://x.com/CloudflareRadar/status/1960324662740529354,Iraq,IQ,GOVERNMENT_DIRECTED,REGIONAL,59625;48492;206206;21277,KorekTel;IQ-Online;KNET;Newroz-Telecom-ASN,[object Object];[object Object];[object Object];[object Object],,
1283,ALL,Anomalous GFW behavior disrupted Port 443 connections,,2025-08-19T16:30:00Z,2025-08-19T17:45:00Z,CN,,OUTAGE,https://gfw.report/blog/gfw_unconditional_rst_20250820/en/,China,CN,TECHNICAL_PROBLEM,NATIONWIDE,,,,,
1282,ALL,"Near complete outage observed at PTCL, Ufone also disrupted","PTCL, Ufone",2025-08-19T16:10:00Z,2025-08-19T20:45:00Z,PK,17557;56167,OUTAGE,https://bsky.app/profile/radar.cloudflare.com/post/3lwrh3ztazu2b,Pakistan,PK,UNKNOWN,NETWORK,17557;56167,PKTELECOM-AS-PK;PTML-PK,[object Object];[object Object],,
1281,ALL,Electrical system failure impacting numerous communities,,2025-08-17T03:30:00Z,2025-08-17T08:15:00Z,VC,,OUTAGE,https://www.stvincenttimes.com/vinlec-island-power-outage-saturday-night-st-vincent/,Saint Vincent and the Grenadines,VC,POWER_OUTAGE,NATIONWIDE,,,,,
1280,ALL,Brief Internet outage due to cyberattack,YemenNet,2025-08-11T14:15:00Z,2025-08-11T15:00:00Z,YE,30873,OUTAGE,https://www.yemenmonitor.com/en/Details/ArtMID/908/ArticleID/147420,Yemen,YE,CYBERATTACK,NETWORK,30873,PTC-YemenNet,,YE,Yemen
1279,ALL,Power outage impacting Malé and Hulhumalé,Malé and Hulhumalé,2025-08-09T04:30:00Z,2025-08-09T06:45:00Z,MV,,OUTAGE,https://x.com/STELCOMALDIVES/status/1954069527328960931,Maldives,MV,POWER_OUTAGE,REGIONAL,,,,,
1278,ALL,Widespread outage reported on Claro Colombia,Claro Colombia,2025-08-06T16:45:00Z,2025-08-06T17:20:00Z,CO,10620;14080;26611,OUTAGE,https://bsky.app/profile/radar.cloudflare.com/post/3lvqvpecb7z2g,Colombia,CO,UNKNOWN,NETWORK,10620;14080;26611,Telmex Colombia S.A.;Telmex Colombia;COMUNICACION CELULAR S.A. COMCEL S.A.,[object Object];[object Object];[object Object],,
1277,ALL,Internet shutdown to prevent cheating on high school exams,,2025-08-03T02:00:00Z,2025-08-03T06:30:00Z,SY,29256,OUTAGE,https://moct.gov.sy/news-0314,Syria,SY,GOVERNMENT_DIRECTED,NATIONWIDE,29256,INT-PDN-STE-AS,,SY,Syria
1276,ALL,Internet shutdown to prevent cheating on high school exams,,2025-07-31T02:00:00Z,2025-07-31T06:30:00Z,SY,29256,OUTAGE,https://moct.gov.sy/news-0314,Syria,SY,GOVERNMENT_DIRECTED,NATIONWIDE,29256,INT-PDN-STE-AS,,SY,Syria
1275,ALL,M8.8 Earthquake,Kamchatka Peninsula,2025-07-29T23:24:50Z,2025-07-31T10:30:00Z,RU,,OUTAGE,https://bsky.app/profile/radar.cloudflare.com/post/3lv5jljmmm226,Russian Federation,RU,NATURAL_DISASTER,REGIONAL,,,,,
1274,ALL,Internet shutdown to prevent cheating on high school exams,,2025-07-28T02:00:00Z,2025-07-28T07:15:00Z,SY,29256,OUTAGE,https://moct.gov.sy/news-0314,Syria,SY,GOVERNMENT_DIRECTED,NATIONWIDE,29256,INT-PDN-STE-AS,,SY,Syria
1273,ALL,Network outage at Starlink,Starlink,2025-07-24T19:13:00Z,2025-07-24T21:28:00Z,,14593,OUTAGE,https://x.com/CloudflareRadar/status/1948475924418363651,,,TECHNICAL_PROBLEM,NETWORK,14593,SPACEX-STARLINK,,US,United States
1272,ALL,Internet shutdown to prevent cheating on high school exams,,2025-07-21T05:15:00Z,2025-07-21T08:00:00Z,SY,29256,OUTAGE,https://moct.gov.sy/news-0314,Syria,SY,GOVERNMENT_DIRECTED,NATIONWIDE,29256,INT-PDN-STE-AS,,SY,Syria
1270,ALL,Fiber optic cable cut outage,,2025-07-19T12:45:00Z,2025-07-19T15:45:00Z,AO,,OUTAGE,https://www.angola24horas.com/angola-24-horas-noticias/item/32333-cortes-em-cabos-de-fibra-optica-provocam-quebra-do-sinal-de-internet-em-angola,Angola,AO,CABLE_CUT,NATIONWIDE,,,,,
1271,ALL,Internet shutdown to prevent cheating on high school exams,,2025-07-17T05:15:00Z,2025-07-17T07:00:00Z,SY,29256,OUTAGE,https://moct.gov.sy/news-0314,Syria,SY,GOVERNMENT_DIRECTED,NATIONWIDE,29256,INT-PDN-STE-AS,,SY,Syria
1265,ALL,Internet shutdown to prevent cheating on high school exams,,2025-07-12T05:15:00Z,2025-07-12T07:00:00Z,SY,29256,OUTAGE,https://moct.gov.sy/news-0314,Syria,SY,GOVERNMENT_DIRECTED,NATIONWIDE,29256,INT-PDN-STE-AS,,SY,Syria
1264,ALL,Reported shutdown in Sudan,"Sudatel, SDN Mobitel, MTN",2025-07-10T12:00:00Z,2025-07-10T15:00:00Z,SD,15706;36998;36972,OUTAGE,https://bsky.app/profile/radar.cloudflare.com/post/3ltezwcqvfc2c,Sudan,SD,GOVERNMENT_DIRECTED,NATIONWIDE,15706;36998;36972,Sudatel;SDN-MOBITEL;MTNSD,[object Object];[object Object];[object Object],,
1263,ALL,Reported shutdown in Sudan,"Sudatel, SDN Mobitel, MTN",2025-07-09T12:00:00Z,2025-07-09T15:00:00Z,SD,15706;36998;36972,OUTAGE,https://bsky.app/profile/radar.cloudflare.com/post/3ltezwcqvfc2c,Sudan,SD,GOVERNMENT_DIRECTED,NATIONWIDE,15706;36998;36972,Sudatel;SDN-MOBITEL;MTNSD,[object Object];[object Object];[object Object],,
1262,ALL,Cellular communications blackout during elementary school and high school exams,,2025-07-09T05:15:00Z,2025-07-09T06:30:00Z,SY,29256,OUTAGE,https://bsky.app/profile/radar.cloudflare.com/post/3lsh5kjnivc2r,Syria,SY,GOVERNMENT_DIRECTED,NATIONWIDE,29256,INT-PDN-STE-AS,,SY,Syria
1261,ALL,Reported shutdown in Sudan,"Sudatel, SDN Mobitel, MTN",2025-07-08T12:00:00Z,2025-07-08T15:00:00Z,SD,15706;36998;36972,OUTAGE,https://bsky.app/profile/radar.cloudflare.com/post/3ltezwcqvfc2c,Sudan,SD,GOVERNMENT_DIRECTED,NATIONWIDE,15706;36998;36972,Sudatel;SDN-MOBITEL;MTNSD,[object Object];[object Object];[object Object],,
1260,ALL,Two fiber optic outages caused by third parties,Claro,2025-07-07T15:45:00Z,2025-07-07T18:00:00Z,DO,6400,OUTAGE,https://x.com/ClaroRD/status/1942286349006168091,Dominican Republic,DO,CABLE_CUT,NETWORK,6400,Claro Dominicana,,DO,Dominican Republic
1259,ALL,Fire at historic Ramses telecommunications building,"Raya, Mobinil",2025-07-07T14:30:00Z,2025-07-10T00:00:00Z,EG,24835;37069,OUTAGE,https://bsky.app/profile/radar.cloudflare.com/post/3ltf6jtxd5s2p,Egypt,EG,FIRE,NATIONWIDE,24835;37069,RAYA-AS;MOBINIL,[object Object];[object Object],,
1268,ALL,Fire at historic Ramses telecommunications building,Etisalat,2025-07-07T14:30:00Z,2025-07-09T00:00:00Z,EG,36992,OUTAGE,https://bsky.app/profile/radar.cloudflare.com/post/3ltf6jtxd5s2p,Egypt,EG,FIRE,NATIONWIDE,36992,ETISALAT-MISR,,EG,Egypt
1267,ALL,Fire at historic Ramses telecommunications building,Orange Egypt,2025-07-07T14:30:00Z,2025-07-11T03:15:00Z,EG,24863,OUTAGE,https://bsky.app/profile/radar.cloudflare.com/post/3ltf6jtxd5s2p,Egypt,EG,FIRE,NATIONWIDE,24863,LINKdotNET-AS,,EG,Egypt
1258,ALL,Reported shutdown in Sudan,"Sudatel, SDN Mobitel, MTN",2025-07-07T12:00:00Z,2025-07-07T15:00:00Z,SD,15706;36998;36972,OUTAGE,https://bsky.app/profile/radar.cloudflare.com/post/3ltezwcqvfc2c,Sudan,SD,GOVERNMENT_DIRECTED,NATIONWIDE,15706;36998;36972,Sudatel;SDN-MOBITEL;MTNSD,[object Object];[object Object];[object Object],,
1257,ALL,Likely shutdown of Kurdish networks to prevent cheating on exams,"IQ Online, KorekTel, NewRoz Telecom, KNET",2025-07-06T03:30:00Z,2025-07-06T04:30:00Z,IQ,48492;59625;21277;206206,OUTAGE,https://bsky.app/profile/radar.cloudflare.com/post/3lqsedmimoc2b,Iraq,IQ,GOVERNMENT_DIRECTED,REGIONAL,48492;59625;21277;206206,IQ-Online;KorekTel;Newroz-Telecom-ASN;KNET,[object Object];[object Object];[object Object];[object Object],,
1256,ALL,Internet disruption in Iran following a reported DDoS attack,,2025-07-05T21:15:00Z,2025-07-06T00:00:00Z,IR,,OUTAGE,https://x.com/CloudflareRadar/status/1941640046005617038,Iran,IR,UNKNOWN,NATIONWIDE,,,,,
1255,ALL,Power outage in some regions after a fallen high-voltage cable,,2025-07-04T10:00:00Z,2025-07-04T20:00:00Z,CZ,,OUTAGE,https://x.com/CloudflareRadar/status/1941237676730089797,Czech Republic,CZ,POWER_OUTAGE,NATIONWIDE,,,,,
1252,ALL,Cellular communications blackout during elementary school and high school exams,,2025-07-03T05:15:00Z,2025-07-03T06:00:00Z,SY,29256,OUTAGE,https://bsky.app/profile/radar.cloudflare.com/post/3lsh5kjnivc2r,Syria,SY,GOVERNMENT_DIRECTED,NATIONWIDE,29256,INT-PDN-STE-AS,,SY,Syria
1253,ALL,Internet shutdown to prevent cheating on exams,,2025-07-03T03:00:00Z,2025-07-03T04:45:00Z,IQ,199739;51684;59588;58322;203214,OUTAGE,https://bsky.app/profile/radar.cloudflare.com/post/3lrq46mrar22p,Iraq,IQ,GOVERNMENT_DIRECTED,NATIONWIDE,199739;51684;59588;58322;203214,Earthlink-DMCC-IQ;ASIACELL;ZAINAS-IQ;halasat;HulumTele,[object Object];[object Object];[object Object];[object Object];[object Object],,
1251,ALL,Likely shutdown of Kurdish networks to prevent cheating on exams,"IQ Online, KorekTel, NewRoz Telecom, KNET",2025-07-02T03:30:00Z,2025-07-02T04:30:00Z,IQ,48492;59625;21277;206206,OUTAGE,https://bsky.app/profile/radar.cloudflare.com/post/3lqsedmimoc2b,Iraq,IQ,GOVERNMENT_DIRECTED,REGIONAL,48492;59625;21277;206206,IQ-Online;KorekTel;Newroz-Telecom-ASN;KNET,[object Object];[object Object];[object Object];[object Object],,
1250,ALL,Internet shutdown to prevent cheating on exams,,2025-07-02T03:00:00Z,2025-07-02T04:45:00Z,IQ,199739;51684;59588;58322;203214,OUTAGE,https://bsky.app/profile/radar.cloudflare.com/post/3lrq46mrar22p,Iraq,IQ,GOVERNMENT_DIRECTED,NATIONWIDE,199739;51684;59588;58322;203214,Earthlink-DMCC-IQ;ASIACELL;ZAINAS-IQ;halasat;HulumTele,[object Object];[object Object];[object Object];[object Object];[object Object],,
1249,ALL,Power outage at a network center,Airtel Tanzania,2025-07-01T11:30:00Z,2025-07-01T18:00:00Z,TZ,37133,OUTAGE,https://x.com/airtel_tanzania/status/1940072844446359845,Tanzania,TZ,POWER_OUTAGE,NETWORK,37133,airtel-tz-as,,TZ,Tanzania
1248,ALL,Internet shutdown to prevent cheating on exams,,2025-07-01T03:00:00Z,2025-07-01T04:45:00Z,IQ,199739;51684;59588;58322;203214,OUTAGE,https://bsky.app/profile/radar.cloudflare.com/post/3lrq46mrar22p,Iraq,IQ,GOVERNMENT_DIRECTED,NATIONWIDE,199739;51684;59588;58322;203214,Earthlink-DMCC-IQ;ASIACELL;ZAINAS-IQ;halasat;HulumTele,[object Object];[object Object];[object Object];[object Object];[object Object],,
1247,ALL,Cellular communications blackout during elementary school and high school exams,,2025-06-29T05:15:00Z,2025-06-29T06:00:00Z,SY,29256,OUTAGE,https://bsky.app/profile/radar.cloudflare.com/post/3lsh5kjnivc2r,Syria,SY,GOVERNMENT_DIRECTED,NATIONWIDE,29256,INT-PDN-STE-AS,,SY,Syria
1246,ALL,Likely shutdown of Kurdish networks to prevent cheating on exams,"IQ Online, KorekTel, NewRoz Telecom, KNET",2025-06-29T03:30:00Z,2025-06-29T04:30:00Z,IQ,48492;59625;21277;206206,OUTAGE,https://bsky.app/profile/radar.cloudflare.com/post/3lqsedmimoc2b,Iraq,IQ,GOVERNMENT_DIRECTED,REGIONAL,48492;59625;21277;206206,IQ-Online;KorekTel;Newroz-Telecom-ASN;KNET,[object Object];[object Object];[object Object];[object Object],,
1245,ALL,Internet shutdown to prevent cheating on exams,,2025-06-29T03:00:00Z,2025-06-29T04:45:00Z,IQ,199739;51684;59588;58322;203214,OUTAGE,https://bsky.app/profile/radar.cloudflare.com/post/3lrq46mrar22p,Iraq,IQ,GOVERNMENT_DIRECTED,NATIONWIDE,199739;51684;59588;58322;203214,Earthlink-DMCC-IQ;ASIACELL;ZAINAS-IQ;halasat;HulumTele,[object Object];[object Object];[object Object];[object Object];[object Object],,
1244,ALL,Internet shutdown to prevent cheating on exams,,2025-06-28T03:00:00Z,2025-06-28T04:45:00Z,IQ,199739;51684;59588;58322;203214,OUTAGE,https://bsky.app/profile/radar.cloudflare.com/post/3lrq46mrar22p,Iraq,IQ,GOVERNMENT_DIRECTED,NATIONWIDE,199739;51684;59588;58322;203214,Earthlink-DMCC-IQ;ASIACELL;ZAINAS-IQ;halasat;HulumTele,[object Object];[object Object];[object Object];[object Object];[object Object],,
1241,ALL,Likely shutdown of Kurdish networks to prevent cheating on exams,"IQ Online, KorekTel, NewRoz Telecom, KNET",2025-06-25T03:30:00Z,2025-06-25T04:30:00Z,IQ,48492;59625;21277;206206,OUTAGE,https://bsky.app/profile/radar.cloudflare.com/post/3lqsedmimoc2b,Iraq,IQ,GOVERNMENT_DIRECTED,REGIONAL,48492;59625;21277;206206,IQ-Online;KorekTel;Newroz-Telecom-ASN;KNET,[object Object];[object Object];[object Object];[object Object],,
1240,ALL,Internet shutdown to prevent cheating on exams,,2025-06-25T03:00:00Z,2025-06-25T04:45:00Z,IQ,199739;51684;59588;58322;203214,OUTAGE,https://bsky.app/profile/radar.cloudflare.com/post/3lrq46mrar22p,Iraq,IQ,GOVERNMENT_DIRECTED,NATIONWIDE,199739;51684;59588;58322;203214,Earthlink-DMCC-IQ;ASIACELL;ZAINAS-IQ;halasat;HulumTele,[object Object];[object Object];[object Object];[object Object];[object Object],,
1239,ALL,Fiber network vandalism,Airtel Malawi,2025-06-24T12:30:00Z,2025-06-24T14:00:00Z,MW,37440,OUTAGE,https://x.com/AirtelMalawiPlc/status/1937591557684916436,Malawi,MW,CABLE_CUT,NETWORK,37440,Airtel-MW,,MW,Malawi
1243,ALL,Cellular communications blackout during elementary school and high school exams,,2025-06-24T05:15:00Z,2025-06-24T06:00:00Z,SY,29256,OUTAGE,https://bsky.app/profile/radar.cloudflare.com/post/3lsh5kjnivc2r,Syria,SY,GOVERNMENT_DIRECTED,NATIONWIDE,29256,INT-PDN-STE-AS,,SY,Syria
1237,ALL,Internet shutdown to prevent cheating on exams,,2025-06-23T03:00:00Z,2025-06-23T04:45:00Z,IQ,199739;51684;59588;58322;203214,OUTAGE,https://bsky.app/profile/radar.cloudflare.com/post/3lrq46mrar22p,Iraq,IQ,GOVERNMENT_DIRECTED,NATIONWIDE,199739;51684;59588;58322;203214,Earthlink-DMCC-IQ;ASIACELL;ZAINAS-IQ;halasat;HulumTele,[object Object];[object Object];[object Object];[object Object];[object Object],,
1238,ALL,Likely shutdown of Kurdish networks to prevent cheating on exams,"IQ Online, KorekTel, NewRoz Telecom, KNET",2025-06-22T03:30:00Z,2025-06-22T04:30:00Z,IQ,48492;59625;21277;206206,OUTAGE,https://bsky.app/profile/radar.cloudflare.com/post/3lqsedmimoc2b,Iraq,IQ,GOVERNMENT_DIRECTED,REGIONAL,48492;59625;21277;206206,IQ-Online;KorekTel;Newroz-Telecom-ASN;KNET,[object Object];[object Object];[object Object];[object Object],,
1236,ALL,Internet shutdown to prevent cheating on exams,,2025-06-22T03:00:00Z,2025-06-22T04:45:00Z,IQ,199739;51684;59588;58322;203214,OUTAGE,https://bsky.app/profile/radar.cloudflare.com/post/3lrq46mrar22p,Iraq,IQ,GOVERNMENT_DIRECTED,NATIONWIDE,199739;51684;59588;58322;203214,Earthlink-DMCC-IQ;ASIACELL;ZAINAS-IQ;halasat;HulumTele,[object Object];[object Object];[object Object];[object Object];[object Object],,
1242,ALL,Cellular communications blackout during elementary school and high school exams,,2025-06-21T05:15:00Z,2025-06-21T06:00:00Z,SY,29256,OUTAGE,https://moct.gov.sy/news-0314,Syria,SY,GOVERNMENT_DIRECTED,NATIONWIDE,29256,INT-PDN-STE-AS,,SY,Syria
1235,ALL,Internet shutdown to prevent cheating on exams,,2025-06-21T03:00:00Z,2025-06-21T04:45:00Z,IQ,199739;51684;59588;58322;203214,OUTAGE,https://bsky.app/profile/radar.cloudflare.com/post/3lrq46mrar22p,Iraq,IQ,GOVERNMENT_DIRECTED,NATIONWIDE,199739;51684;59588;58322;203214,Earthlink-DMCC-IQ;ASIACELL;ZAINAS-IQ;halasat;HulumTele,[object Object];[object Object];[object Object];[object Object];[object Object],,
1234,ALL,"Widespread service disruption, possibly DNS-related",CenturyLink,2025-06-19T21:45:00Z,2025-06-20T00:00:00Z,,209,OUTAGE,https://bsky.app/profile/radar.cloudflare.com/post/3lryodod7hc2j,,,TECHNICAL_PROBLEM,NETWORK,209,CENTURYLINK-US-LEGACY-QWEST,,US,United States
1232,ALL,Internet shutdown to prevent cheating on exams,,2025-06-19T03:00:00Z,2025-06-19T04:45:00Z,IQ,199739;51684;59588;58322;203214,OUTAGE,https://bsky.app/profile/radar.cloudflare.com/post/3lrq46mrar22p,Iraq,IQ,GOVERNMENT_DIRECTED,NATIONWIDE,199739;51684;59588;58322;203214,Earthlink-DMCC-IQ;ASIACELL;ZAINAS-IQ;halasat;HulumTele,[object Object];[object Object];[object Object];[object Object];[object Object],,
1231,ALL,Internet reportedly cut off again across Iran,,2025-06-18T12:50:00Z,2025-06-25T05:00:00Z,IR,58224;24631;13549;44244;57218;50810;43754;197207,OUTAGE,https://bsky.app/profile/radar.cloudflare.com/post/3lrv55cxsb222,Iran,IR,GOVERNMENT_DIRECTED,NATIONWIDE,58224;24631;13549;44244;57218;50810;43754;197207,TCI;FANAPTELECOM-FCP;MERCURY;IranCell-AS;RighTel;Mobinnet-AS;ASIATECH;MCCI-AS,[object Object];[object Object];[object Object];[object Object];[object Object];[object Object];[object Object];[object Object],,
1226,ALL,Internet shutdown to prevent cheating on exams,,2025-06-18T03:00:00Z,2025-06-18T04:45:00Z,IQ,199739;51684;59588;58322;203214,OUTAGE,https://bsky.app/profile/radar.cloudflare.com/post/3lrq46mrar22p,Iraq,IQ,GOVERNMENT_DIRECTED,NATIONWIDE,199739;51684;59588;58322;203214,Earthlink-DMCC-IQ;ASIACELL;ZAINAS-IQ;halasat;HulumTele,[object Object];[object Object];[object Object];[object Object];[object Object],,
1229,ALL,Internet connectivity reportedly (further) cut off in Iran,,2025-06-17T14:00:00Z,2025-06-17T22:00:00Z,IR,57218,OUTAGE,https://bsky.app/profile/radar.cloudflare.com/post/3lrsqwvlqa226,Iran,IR,GOVERNMENT_DIRECTED,NATIONWIDE,57218,RighTel,,IR,Iran
1227,ALL,Internet connectivity reportedly (further) cut off in Iran,,2025-06-17T14:00:00Z,2025-06-17T15:30:00Z,IR,24631;16322,OUTAGE,https://bsky.app/profile/radar.cloudflare.com/post/3lrsqwvlqa226,Iran,IR,GOVERNMENT_DIRECTED,NATIONWIDE,24631;16322,FANAPTELECOM-FCP;PARSONLINE,[object Object];[object Object],,
1225,ALL,Internet connectivity reportedly (further) cut off in Iran,,2025-06-17T14:00:00Z,2025-06-17T20:00:00Z,IR,197207;44244,OUTAGE,https://bsky.app/profile/radar.cloudflare.com/post/3lrsqwvlqa226,Iran,IR,GOVERNMENT_DIRECTED,NATIONWIDE,197207;44244,MCCI-AS;IranCell-AS,[object Object];[object Object],,
1230,ALL,Internet connectivity reportedly (further) cut off in Iran,,2025-06-17T14:00:00Z,2025-06-18T06:00:00Z,IR,31549;205647,OUTAGE,https://bsky.app/profile/radar.cloudflare.com/post/3lrsqwvlqa226,Iran,IR,GOVERNMENT_DIRECTED,NATIONWIDE,31549;205647,RASANA;AFAGH,[object Object];[object Object],,
1228,ALL,Internet connectivity reportedly (further) cut off in Iran,,2025-06-17T14:00:00Z,2025-06-17T15:00:00Z,IR,58224,OUTAGE,https://bsky.app/profile/radar.cloudflare.com/post/3lrsqwvlqa226,Iran,IR,GOVERNMENT_DIRECTED,NATIONWIDE,58224,TCI,,IR,Iran
1224,ALL,Internet shutdown to prevent cheating on exams,,2025-06-17T03:00:00Z,2025-06-17T04:45:00Z,IQ,199739;51684;59588;58322;203214,OUTAGE,https://bsky.app/profile/radar.cloudflare.com/post/3lrq46mrar22p,Iraq,IQ,GOVERNMENT_DIRECTED,NATIONWIDE,199739;51684;59588;58322;203214,Earthlink-DMCC-IQ;ASIACELL;ZAINAS-IQ;halasat;HulumTele,[object Object];[object Object];[object Object];[object Object];[object Object],,
1223,ALL,"Disruption in the SFR mobile network, reportedly due to a technical incident",SFR,2025-06-16T09:00:20Z,2025-06-16T21:00:00Z,FR,15557,OUTAGE,https://x.com/CloudflareRadar/status/1934657719685787735,France,FR,TECHNICAL_PROBLEM,NETWORK,15557,LDCOMNET,,FR,France
1222,ALL,Internet shutdown to prevent cheating on exams,,2025-06-16T03:00:00Z,2025-06-16T04:45:00Z,IQ,199739;51684;59588;58322;203214,OUTAGE,https://bsky.app/profile/radar.cloudflare.com/post/3lrq46mrar22p,Iraq,IQ,GOVERNMENT_DIRECTED,NATIONWIDE,199739;51684;59588;58322;203214,Earthlink-DMCC-IQ;ASIACELL;ZAINAS-IQ;halasat;HulumTele,[object Object];[object Object];[object Object];[object Object];[object Object],,
1233,ALL,Apparent power outage at key regional network facility,Flow Curaçao,2025-06-14T18:00:00Z,2025-06-15T14:00:00Z,CW,52233,OUTAGE,https://www.curacaochronicle.com/post/opinion/flows-internet-outage-sparks-outrage-and-urgent-call-for-infrastructure-reform/,Curaçao,CW,POWER_OUTAGE,NETWORK,52233,Columbus Communications Curacao N.V.,,CW,Curaçao
1221,ALL,Internet shutdown to prevent cheating on exams,,2025-06-14T03:00:00Z,2025-06-14T04:45:00Z,IQ,199739;51684;59588;58322;203214,OUTAGE,https://bsky.app/profile/radar.cloudflare.com/post/3lrq46mrar22p,Iraq,IQ,GOVERNMENT_DIRECTED,NATIONWIDE,199739;51684;59588;58322;203214,Earthlink-DMCC-IQ;ASIACELL;ZAINAS-IQ;halasat;HulumTele,[object Object];[object Object];[object Object];[object Object];[object Object],,
1220,ALL,Internet access disrupted following Israel's attack,,2025-06-13T07:15:00Z,2025-06-13T09:45:00Z,IR,24631;205647;197207;58224;12880;31549;25184,OUTAGE,https://x.com/CloudflareRadar/status/1933461661660184818,Iran,IR,GOVERNMENT_DIRECTED,NATIONWIDE,24631;205647;197207;58224;12880;31549;25184,FANAPTELECOM-FCP;AFAGH;MCCI-AS;TCI;DCI-AS;RASANA;AFRANET,[object Object];[object Object];[object Object];[object Object];[object Object];[object Object];[object Object],,
1219,ALL,Likely shutdown of Kurdish networks to prevent cheating on exams,"IQ Online, KorekTel, NewRoz Telecom, KNET",2025-06-11T03:30:00Z,2025-06-11T04:30:00Z,IQ,48492;59625;21277;206206,OUTAGE,https://bsky.app/profile/radar.cloudflare.com/post/3lqsedmimoc2b,Iraq,IQ,GOVERNMENT_DIRECTED,REGIONAL,48492;59625;21277;206206,IQ-Online;KorekTel;Newroz-Telecom-ASN;KNET,[object Object];[object Object];[object Object];[object Object],,
1218,ALL,Outage reportedly affecting the ADSL landline network across most Syrian provinces,,2025-06-10T08:15:00Z,2025-06-10T10:15:00Z,SY,29256,OUTAGE,https://www.profilenews.com/en/breaking-internet-outage-in-syria/,Syria,SY,UNKNOWN,NATIONWIDE,29256,INT-PDN-STE-AS,,SY,Syria
1217,ALL,Internet outage in North Korea,,2025-06-06T17:40:00Z,2025-06-06T19:45:00Z,KP,131279,OUTAGE,https://www.the-independent.com/asia/east-asia/north-korea-internet-outage-cyberattack-b2765577.html,"Korea, North",KP,UNKNOWN,NATIONWIDE,131279,STAR-KP,,KP,"Korea, North"
1213,ALL,Likely shutdown of Kurdish networks to prevent cheating on exams,"IQ Online, KorekTel, NewRoz Telecom, KNET",2025-06-04T03:30:00Z,2025-06-04T04:30:00Z,IQ,48492;59625;21277;206206,OUTAGE,https://bsky.app/profile/radar.cloudflare.com/post/3lqsedmimoc2b,Iraq,IQ,GOVERNMENT_DIRECTED,REGIONAL,48492;59625;21277;206206,IQ-Online;KorekTel;Newroz-Telecom-ASN;KNET,[object Object];[object Object];[object Object];[object Object],,
1140,ALL,Internet shutdown to prevent cheating on exams,,2025-06-02T03:00:00Z,2025-06-02T05:00:00Z,IQ,199739;51684;59588;58322;203214,OUTAGE,https://bsky.app/profile/radar.cloudflare.com/post/3lpm2n6kzs22i,Iraq,IQ,GOVERNMENT_DIRECTED,NATIONWIDE,199739;51684;59588;58322;203214,Earthlink-DMCC-IQ;ASIACELL;ZAINAS-IQ;halasat;HulumTele,[object Object];[object Object];[object Object];[object Object];[object Object],,
1179,ALL,Major power outage casued by technical fault,Greater Malé region,2025-06-01T07:30:00Z,2025-06-01T13:00:00Z,MV,7642;55944,OUTAGE,https://mvrepublic.com/news/widespread-power-outage-causes-disruptions-across-greater-male/,Maldives,MV,POWER_OUTAGE,REGIONAL,7642;55944,DHIRAAGU-MV-AP;OOREDOO-MV,[object Object];[object Object],,
1212,ALL,Likely shutdown of Kurdish networks to prevent cheating on exams,"IQ Online, KorekTel, NewRoz Telecom, KNET",2025-06-01T03:30:00Z,2025-06-01T04:30:00Z,IQ,48492;59625;21277;206206,OUTAGE,https://bsky.app/profile/radar.cloudflare.com/post/3lqsedmimoc2b,Iraq,IQ,GOVERNMENT_DIRECTED,REGIONAL,48492;59625;21277;206206,IQ-Online;KorekTel;Newroz-Telecom-ASN;KNET,[object Object];[object Object];[object Object];[object Object],,
1139,ALL,Internet shutdown to prevent cheating on exams,,2025-05-31T03:00:00Z,2025-05-31T05:00:00Z,IQ,199739;51684;59588;58322;203214,OUTAGE,https://bsky.app/profile/radar.cloudflare.com/post/3lpm2n6kzs22i,Iraq,IQ,GOVERNMENT_DIRECTED,NATIONWIDE,199739;51684;59588;58322;203214,Earthlink-DMCC-IQ;ASIACELL;ZAINAS-IQ;halasat;HulumTele,[object Object];[object Object];[object Object];[object Object];[object Object],,
1177,ALL,"Second outage in three days at Digicel Haiti, cause currently unknown",Digicel Haiti,2025-05-30T14:15:00Z,2025-05-30T17:00:00Z,HT,27653,OUTAGE,https://bsky.app/profile/radar.cloudflare.com/post/3lqfnhncclk2m,Haiti,HT,UNKNOWN,NETWORK,27653,Digicel Haiti,,HT,Haiti
1176,ALL,Two outages on its fiber optic infrastructure in the National Road 1 area,Digicel Haiti,2025-05-28T21:00:00Z,2025-05-29T00:45:00Z,HT,27653,OUTAGE,https://bsky.app/profile/radar.cloudflare.com/post/3lqbl26rlac2t,Haiti,HT,CABLE_CUT,NETWORK,27653,Digicel Haiti,,HT,Haiti
1178,ALL,Reportedly targeted by DDoS attack,ASVT,2025-05-28T05:00:00Z,2025-06-05T00:00:00Z,,8752,OUTAGE,https://therecord.media/moscow-internet-provider-asvt-ddos-attack,,,CYBERATTACK,NETWORK,8752,ASVT-NETWORK,,RU,Russian Federation
1138,ALL,Internet shutdown to prevent cheating on exams,,2025-05-28T03:00:00Z,2025-05-28T05:00:00Z,IQ,199739;51684;59588;58322;203214,OUTAGE,https://bsky.app/profile/radar.cloudflare.com/post/3lpm2n6kzs22i,Iraq,IQ,GOVERNMENT_DIRECTED,NATIONWIDE,199739;51684;59588;58322;203214,Earthlink-DMCC-IQ;ASIACELL;ZAINAS-IQ;halasat;HulumTele,[object Object];[object Object];[object Object];[object Object];[object Object],,
1137,ALL,Internet shutdown to prevent cheating on exams,,2025-05-26T03:00:00Z,2025-05-26T05:00:00Z,IQ,199739;51684;59588;58322;203214,OUTAGE,https://bsky.app/profile/radar.cloudflare.com/post/3lpm2n6kzs22i,Iraq,IQ,GOVERNMENT_DIRECTED,NATIONWIDE,199739;51684;59588;58322;203214,Earthlink-DMCC-IQ;ASIACELL;ZAINAS-IQ;halasat;HulumTele,[object Object];[object Object];[object Object];[object Object];[object Object],,
1136,ALL,Internet shutdown to prevent cheating on exams,,2025-05-24T03:00:00Z,2025-05-24T05:00:00Z,IQ,199739;51684;59588;58322;203214,OUTAGE,https://bsky.app/profile/radar.cloudflare.com/post/3lpm2n6kzs22i,Iraq,IQ,GOVERNMENT_DIRECTED,NATIONWIDE,199739;51684;59588;58322;203214,Earthlink-DMCC-IQ;ASIACELL;ZAINAS-IQ;halasat;HulumTele,[object Object];[object Object];[object Object];[object Object];[object Object],,
1143,ALL,TrueMove H network Internet disruption,TrueMove H network,2025-05-22T03:00:00Z,2025-05-22T08:00:00Z,TH,132061,OUTAGE,https://bsky.app/profile/radar.cloudflare.com/post/3lpr4qhp6n22s,Thailand,TH,UNKNOWN,NETWORK,132061,Realmove-as-ap,,TH,Thailand
1135,ALL,Internet shutdown to prevent cheating on exams,,2025-05-22T03:00:00Z,2025-05-22T05:00:00Z,IQ,199739;51684;59588;58322;203214,OUTAGE,https://bsky.app/profile/radar.cloudflare.com/post/3lpm2n6kzs22i,Iraq,IQ,GOVERNMENT_DIRECTED,NATIONWIDE,199739;51684;59588;58322;203214,Earthlink-DMCC-IQ;ASIACELL;ZAINAS-IQ;halasat;HulumTele,[object Object];[object Object];[object Object];[object Object];[object Object],,
1142,ALL,Outage impacting Ontario & Quebec,Bell Internet,2025-05-21T13:15:00Z,2025-05-21T14:15:00Z,CA,577,OUTAGE,https://bsky.app/profile/radar.cloudflare.com/post/3lpouvuveks2g,Canada,CA,TECHNICAL_PROBLEM,NETWORK,577,BACOM,,CA,Canada
1133,ALL,Internet shutdown to prevent cheating on exams,,2025-05-20T03:00:00Z,2025-05-20T05:00:00Z,IQ,199739;51684;59588;58322;203214,OUTAGE,https://bsky.app/profile/radar.cloudflare.com/post/3lpm2n6kzs22i,Iraq,IQ,GOVERNMENT_DIRECTED,NATIONWIDE,199739;51684;59588;58322;203214,Earthlink-DMCC-IQ;ASIACELL;ZAINAS-IQ;halasat;HulumTele,[object Object];[object Object];[object Object];[object Object];[object Object],,
1134,ALL,Upgrade work caused disruptions in Telefónica and other networks,Telefónica and Digi Spain,2025-05-20T00:15:19Z,2025-05-20T10:15:00Z,ES,3352;57269,OUTAGE,https://x.com/CloudflareRadar/status/1924771333121946100,Spain,ES,MAINTENANCE,NETWORK,3352;57269,Telefonica_de_Espana;DIGISPAINTELECOM,[object Object];[object Object],,
1126,ALL,Short-term outage in North Macedonia's 110 kV transmission network,,2025-05-18T03:00:00Z,2025-05-18T04:45:00Z,MK,,OUTAGE,https://seenews.com/news/voltage-spike-causes-power-outage-in-north-macedonia-1275427,North Macedonia,MK,POWER_OUTAGE,NATIONWIDE,,,,,
1131,ALL,Reported Internet shutdown related to protests,Giga Communication,2025-05-17T02:00:00Z,2025-05-17T11:30:00Z,LY,328539,OUTAGE,https://bsky.app/profile/radar.cloudflare.com/post/3lpk7cnjknk2n,Libya,LY,GOVERNMENT_DIRECTED,NETWORK,328539,Giga-Communication,,LY,Libya
1129,ALL,Reported Internet shutdown related to protests,Libyan International Telecommunication Company,2025-05-16T18:30:00Z,2025-05-16T23:45:00Z,LY,37558,OUTAGE,https://bsky.app/profile/radar.cloudflare.com/post/3lpk7cnjknk2n,Libya,LY,GOVERNMENT_DIRECTED,NETWORK,37558,LITC,,LY,Libya
1130,ALL,Reported Internet shutdown related to protests,Giga Communication,2025-05-16T14:45:00Z,2025-05-17T00:00:00Z,LY,328539,OUTAGE,https://bsky.app/profile/radar.cloudflare.com/post/3lpk7cnjknk2n,Libya,LY,GOVERNMENT_DIRECTED,NETWORK,328539,Giga-Communication,,LY,Libya
1127,ALL,Reported Internet shutdown related to protests,LNETLICT,2025-05-16T14:00:00Z,2025-05-17T01:30:00Z,LY,329129,OUTAGE,https://bsky.app/profile/radar.cloudflare.com/post/3lpk7cnjknk2n,Libya,LY,GOVERNMENT_DIRECTED,NETWORK,329129,LNETLICT,,LY,Libya
1132,ALL,Reported Internet shutdown related to protests,Aljeel-net,2025-05-16T13:30:00Z,2025-05-17T00:30:00Z,LY,37284,OUTAGE,https://bsky.app/profile/radar.cloudflare.com/post/3lpk7cnjknk2n,Libya,LY,GOVERNMENT_DIRECTED,NETWORK,37284,Aljeel-net,,LY,Libya
1128,ALL,Reported Internet shutdown related to protests,AWAL TELECOM & TECHNOLOGY,2025-05-16T13:30:00Z,2025-05-17T00:15:00Z,LY,328733,OUTAGE,https://bsky.app/profile/radar.cloudflare.com/post/3lpk7cnjknk2n,Libya,LY,GOVERNMENT_DIRECTED,NETWORK,328733,Awal-Telecom,,LY,Libya
1093,ALL,Island-wide power outage due to fault at Needmust power plant,,2025-05-09T17:00:00Z,2025-05-09T20:15:00Z,KN,,OUTAGE,https://bsky.app/profile/radar.cloudflare.com/post/3lor74iptom2r,Saint Kitts and Nevis,KN,POWER_OUTAGE,NATIONWIDE,,,,,
1092,ALL,"Complete outage, cause unknown",Sky Broadband,2025-05-07T19:15:00Z,2025-05-08T03:00:00Z,PH,23944,OUTAGE,https://bsky.app/profile/radar.cloudflare.com/post/3lomiocir722l,Philippines,PH,UNKNOWN,NETWORK,23944,SKYBB-AS-AP,,PH,Philippines
1091,ALL,Reported network issue that affected some customers,MTN Nigeria,2025-05-06T00:30:00Z,2025-05-06T09:15:00Z,NG,29465,OUTAGE,https://x.com/MTN180/status/1919730010832715862,Nigeria,NG,TECHNICAL_PROBLEM,NETWORK,29465,VCG-AS,,NG,Nigeria
1090,ALL,Power outage in Spain & Portugal reportedly impacting international connections,Maroc Telecom,2025-04-28T12:15:00Z,2025-04-28T23:30:00Z,MA,36925,OUTAGE,https://blog.cloudflare.com/how-power-outage-in-portugal-spain-impacted-internet/#impacts-in-other-european-countries,Morocco,MA,POWER_OUTAGE,NETWORK,36925,ASMedi,,MA,Morocco
1089,ALL,Massive power outage impacting Spain & Portugal,,2025-04-28T10:30:00Z,2025-04-29T00:00:00Z,PT;ES,,OUTAGE,https://x.com/CloudflareRadar/status/1916811587408536055,Portugal;Spain,PT;ES,POWER_OUTAGE,NATIONWIDE,,,,,
1088,ALL,Massive power outage across the island,,2025-04-16T16:40:00Z,2025-04-18T15:00:00Z,PR,,OUTAGE,https://bsky.app/profile/radar.cloudflare.com/post/3lmxq2gfxtg2c,Puerto Rico,PR,POWER_OUTAGE,NATIONWIDE,,,,,
1087,ALL,Fiber optic cable damaged by construction work,Hong Kong Broadband Network,2025-04-11T00:00:00Z,2025-04-11T11:00:00Z,HK,9269,OUTAGE,https://www.facebook.com/HongKongBroadbandNetwork/posts/pfbid02jFtZXfC19CMHEknjtmLSshSupb8aJsobeovY9Rb5xAMNSbnC2g26NDSjpPeYLpawl,Hong Kong,HK,CABLE_CUT,NETWORK,9269,HKBN-AS-AP,,HK,Hong Kong
1086,ALL,Power outages in Demerara and Berbice,,2025-04-10T11:30:00Z,2025-04-10T14:30:00Z,GY,,OUTAGE,https://bsky.app/profile/radar.cloudflare.com/post/3lmhoyal3m32s,Guyana,GY,POWER_OUTAGE,NATIONWIDE,,,,,
1085,ALL,Disruption to Telia Finland's telecommunications and mobile data connections,Telia Finland,2025-04-01T06:30:00Z,2025-04-01T07:15:00Z,FI,1759,OUTAGE,https://www.telia.fi/asiakastuki/hairiotiedote?id=sabre_858055150&lang=fi,Finland,FI,UNKNOWN,NETWORK,1759,TSF-IP-Core,,FI,Finland
1084,ALL,Magnitude 7.7 earthquake,,2025-03-28T06:15:00Z,2025-04-01T00:00:00Z,MM,134840;136442,OUTAGE,https://x.com/CloudflareRadar/status/1905566630760902897,Myanmar,MM,NATURAL_DISASTER,NATIONWIDE,134840;136442,MCCL-AS-AP;OCEANWAVE-AS-AP,[object Object];[object Object],,
1083,ALL,Reported mobile & fixed connectivity outage,,2025-03-24T23:40:00Z,2025-03-25T10:15:00Z,SY,29256,OUTAGE,https://bsky.app/profile/radar.cloudflare.com/post/3ll63lhfziv2w,Syria,SY,CABLE_CUT,NATIONWIDE,29256,INT-PDN-STE-AS,,SY,Syria
1082,ALL,Fire at the La Chorrera Thermoelectric Power Plant,,2025-03-16T04:30:00Z,2025-03-16T11:08:00Z,PA,,OUTAGE,https://bsky.app/profile/radar.cloudflare.com/post/3lkikrbjssb2b,Panama,PA,POWER_OUTAGE,NATIONWIDE,,,,,
1081,ALL,Failure at the Diezmero substation,,2025-03-15T00:15:00Z,2025-03-17T00:00:00Z,CU,27725,OUTAGE,https://bsky.app/profile/radar.cloudflare.com/post/3lkezwgw6ve2r,Cuba,CU,POWER_OUTAGE,NATIONWIDE,27725,Empresa de Telecomunicaciones de Cuba S.A,,CU,Cuba
1080,ALL,,,2025-03-11T04:00:00Z,2025-03-11T05:45:00Z,FR,5410,OUTAGE,https://x.com/CloudflareRadar/status/1899420873473319199,France,FR,TECHNICAL_PROBLEM,NETWORK,5410,BOUYGTEL-ISP,,FR,France
1079,ALL,Nationwide power outage in Honduras,,2025-03-01T15:30:00Z,2025-03-01T17:30:00Z,HN,,OUTAGE,https://www.reuters.com/world/americas/power-largely-back-after-outage-hit-honduras-2025-03-01/,Honduras,HN,POWER_OUTAGE,NATIONWIDE,,,,,
1078,ALL,Damage from Cyclone Garance,,2025-02-28T10:00:00Z,2025-03-04T04:00:00Z,RE,,OUTAGE,https://bsky.app/profile/radar.cloudflare.com/post/3ljamrn6j2f27,Reunion,RE,WEATHER,NATIONWIDE,,,,,
1077,ALL,Massive power outage,"VTR Global, Movistar, Pacifico Cable",2025-02-25T18:15:00Z,2025-02-26T06:00:00Z,CL,22047;7418;27901,OUTAGE,https://bsky.app/profile/radar.cloudflare.com/post/3liznbluwuk2y,Chile,CL,POWER_OUTAGE,NATIONWIDE,22047;7418;27901,VTR Global COM S.A.;Movistar ISP;Pacifico Cable S.A.,[object Object];[object Object];[object Object],,
1075,ALL,Storm related power failure,"TPG Telecoms, AAPT Limited, iiNet/Internode, Soul Communications, Pipe Networks, Intrapower",2025-02-10T06:20:00Z,2025-02-10T15:00:00Z,AU,7545,OUTAGE,https://bsky.app/profile/radar.cloudflare.com/post/3lht7jj6sqo25,Australia,AU,POWER_OUTAGE,NETWORK,7545,TPG-INTERNET-AP,,AU,Australia
1074,ALL,Monkey-related incident caused power and Internet outages nationwide,,2025-02-09T05:45:00Z,2025-02-09T15:30:00Z,LK,18001,OUTAGE,https://x.com/CloudflareRadar/status/1888531029339652469,Sri Lanka,LK,POWER_OUTAGE,NATIONWIDE,18001,DIALOG-AS,,LK,Sri Lanka
1073,ALL,"Reported outage in large areas of Syria, cause unknown",,2025-02-03T11:15:00Z,2025-02-03T20:00:00Z,SY,29256,OUTAGE,https://bsky.app/profile/radar.cloudflare.com/post/3lhbxuvjgr72d,Syria,SY,UNKNOWN,NATIONWIDE,29256,INT-PDN-STE-AS,,SY,Syria
1072,ALL,Reported issues with upstream connections to Airtel India,Muliple Nepali networks,2025-02-02T15:15:00Z,2025-02-02T16:45:00Z,NP,23752;17501;139922;45650;38565,OUTAGE,https://www.nepalpress.com/2025/02/02/556756/,Nepal,NP,CABLE_CUT,NATIONWIDE,23752;17501;139922;45650;38565,NPTELECOM-NP-AS;WLINK-NEPAL-AS-AP;DMNPL-AS-AP;VIANET-NP;NCELL-AS-NP,[object Object];[object Object];[object Object];[object Object];[object Object],,
1071,ALL,"Claimed ""global outage"" impacting Magticom network",Magticom,2025-01-27T17:30:00Z,2025-01-27T21:55:00Z,GE,16010,OUTAGE,https://x.com/CloudflareRadar/status/1884009779611459691,Georgia,GE,TECHNICAL_PROBLEM,NETWORK,16010,MagticomAS,,GE,Georgia
1070,ALL,Storm-related outages in two Irish provinces,,2025-01-24T06:30:42Z,2025-01-28T14:00:00Z,IE,,OUTAGE,https://x.com/CloudflareRadar/status/1882851611749626219,Ireland,IE,WEATHER,REGIONAL,,,,,
1069,ALL,Outage due to sabotage and two cable cuts,,2025-01-23T21:15:00Z,2025-01-24T05:45:00Z,SY,29256,OUTAGE,https://www.moct.gov.sy/news-0251,Syria,SY,CABLE_CUT,NATIONWIDE,29256,INT-PDN-STE-AS,,SY,Syria
1068,ALL,Damage to international fiber optic cables caused by fire,Digicel Haiti,2025-01-15T15:15:00Z,2025-01-15T16:00:00Z,HT,27653,OUTAGE,https://x.com/jpbrun30/status/1879554628469362857,Haiti,HT,FIRE,NETWORK,27653,Digicel Haiti,,HT,Haiti
1067,ALL,Damage to international fiber optic cables caused by fire,Digicel Haiti,2025-01-15T01:30:00Z,2025-01-15T02:45:00Z,HT,27653,OUTAGE,https://x.com/jpbrun30/status/1879554628469362857,Haiti,HT,FIRE,NETWORK,27653,Digicel Haiti,,HT,Haiti
1066,ALL,"Roskomnadzor reported ""short-term disruption of connectivity""","MTS, Rostelecom, Bee, MegaFon, K-Telecom",2025-01-14T14:00:00Z,2025-01-14T14:30:00Z,RU,8359;12389;16345;31133;203451,OUTAGE,https://x.com/CloudflareRadar/status/1879196319874740312,Russian Federation,RU,UNKNOWN,NATIONWIDE,8359;12389;16345;31133;203451,MTS;ROSTELECOM-AS;BEE-AS;MF-MGSM-AS;K-Telecom-Network,[object Object];[object Object];[object Object];[object Object];[object Object],,
1065,ALL,Network infrastructure reportedly destroyed by Ukrainian cyberattack,NODEX,2025-01-07T00:00:00Z,2025-01-08T16:00:00Z,RU,29329,OUTAGE,https://bsky.app/profile/radar.cloudflare.com/post/3lfb2arxokk2h,Russian Federation,RU,CYBERATTACK,NETWORK,29329,NODEX-AS,,RU,Russian Federation
1063,ALL,Power outage across 11 provinces,,2025-01-06T13:45:00Z,2025-01-06T21:00:00Z,AO,,OUTAGE,https://bsky.app/profile/radar.cloudflare.com/post/3lf3sewexqs2m,Angola,AO,POWER_OUTAGE,NATIONWIDE,,,,,
1061,ALL,Damage to AAE-1 near Qatar,,2025-01-02T13:00:00Z,2025-01-04T12:00:00Z,PK,,OUTAGE,https://bsky.app/profile/radar.cloudflare.com/post/3leuhdbvacg2m,Pakistan,PK,CABLE_CUT,NATIONWIDE,,,,,
1059,ALL,Widespread power outage,,2024-12-31T09:15:00Z,2025-01-02T13:00:00Z,PR,,OUTAGE,https://x.com/CloudflareRadar/status/1874151004913930449,Puerto Rico,PR,POWER_OUTAGE,NATIONWIDE,,,,,
1060,ALL,Software issue caused by a failure to account for 2024 being a leap year,Eutelsat/OneWeb,2024-12-31T00:00:00Z,2025-01-01T06:00:00Z,,800,OUTAGE,https://bsky.app/profile/radar.cloudflare.com/post/3les2wd2f522x,,,TECHNICAL_PROBLEM,NETWORK,800,ONEWEB,,US,United States
1058,ALL,Widespread power outage affecting most of the country,,2024-12-17T21:15:00Z,2024-12-18T04:35:00Z,KE,,OUTAGE,https://bsky.app/profile/radar.cloudflare.com/post/3ldk7lx43ns2n,Kenya,KE,POWER_OUTAGE,NATIONWIDE,,,,,
1057,ALL,"M 7.3 earthquake 30 km W of Port-Vila, Vanuatu",,2024-12-17T01:45:00Z,2024-12-26T12:00:00Z,VU,,OUTAGE,https://bsky.app/profile/radar.cloudflare.com/post/3lditon4abc2w,Vanuatu,VU,NATURAL_DISASTER,NATIONWIDE,,,,,
1056,ALL,Damage from Cyclone Chido,,2024-12-14T06:00:00Z,2025-05-01T00:00:00Z,YT,,OUTAGE,https://bsky.app/profile/radar.cloudflare.com/post/3ldbq64hqpw2i,Mayotte,YT,WEATHER,NATIONWIDE,,,,,
1055,ALL,Lost connections to Canada & Denmark,Tusass (f/k/a Tele Greenland),2024-12-10T04:10:00Z,2024-12-10T07:15:00Z,GL,8818,OUTAGE,https://x.com/CloudflareRadar/status/1866568933890986446,Greenland,GL,MAINTENANCE,NATIONWIDE,8818,Tele Greenland,,GL,Greenland
1054,ALL,Power Outage	,,2024-12-04T07:15:00Z,2024-12-05T05:30:00Z,CU,27725,OUTAGE,https://x.com/CloudflareRadar/status/1864263679442567604,Cuba,CU,POWER_OUTAGE,NATIONWIDE,27725,Empresa de Telecomunicaciones de Cuba S.A,,CU,Cuba
1053,ALL,"Provider's site reporting ""Down for Maintenance""",Salt Mobile,2024-12-03T00:25:00Z,2024-12-03T03:20:00Z,CH,15796,OUTAGE,https://bsky.app/profile/radar.cloudflare.com/post/3lcemev64kc25,Switzerland,CH,MAINTENANCE,NETWORK,15796,SALT-CH,,CH,Switzerland
1051,ALL,Reported interruption on national optical fiber,Airtel Niger,2024-11-29T16:30:00Z,2024-11-30T18:45:00Z,NE,37531,OUTAGE,https://x.com/airtelniger/status/1862936319824888015,Niger,NE,CABLE_CUT,NETWORK,37531,AIRTEL-NIGER,,NE,Niger
1050,ALL,"Power outages causing Internet disruptions in Kherson Oblast, Mykolaiv, Lviv, and other regions after Russian missile strikes","Kherson Oblast, Mykolaiv, Rivne, Lviv, Ternopil, Sumy, and Kirovohrad",2024-11-28T05:00:08Z,2024-12-09T18:00:00Z,UA,,OUTAGE,https://x.com/CloudflareRadar/status/1862210312625152034,Ukraine,UA,MILITARY_ACTION,REGIONAL,,,,,
1049,ALL,Power outages in Odesa and other regions following Russian missile strikes,"Odessa, Zaporizhzhia, Sumy",2024-11-17T05:30:53Z,2024-11-23T00:00:00Z,UA,,OUTAGE,,Ukraine,UA,POWER_OUTAGE,REGIONAL,,,,,
1048,ALL,Internet disruption on Verizon affecting the US East Coast,Verizon,2024-11-12T05:28:00Z,2024-11-12T08:23:00Z,US,701,OUTAGE,https://x.com/CloudflareRadar/status/1856283194405822777,United States,US,UNKNOWN,NETWORK,701,UUNET,,US,United States
1047,ALL,Internet disruption in Syria possibly caused by Israeli airstrikes,,2024-11-09T01:00:00Z,2024-11-09T05:00:00Z,SY,29256,OUTAGE,https://noc.social/@cloudflareradar/113450831844716454,Syria,SY,MILITARY_ACTION,NATIONWIDE,29256,INT-PDN-STE-AS,,SY,Syria
1045,ALL,Sixth mobile shutdown in Mozambique,"Movitel, Vodacom",2024-11-07T17:30:00Z,2024-11-08T04:45:00Z,MZ,37342;37223,OUTAGE,https://noc.social/@cloudflareradar/113443407012068171,Mozambique,MZ,GOVERNMENT_DIRECTED,NATIONWIDE,37342;37223,MOVITEL;VODACOM-MZ,[object Object];[object Object],,
1044,ALL,Power outage related to Hurricane Rafael,,2024-11-06T19:30:00Z,2024-11-09T18:00:00Z,CU,27725,OUTAGE,https://noc.social/@cloudflareradar/113438389892978173,Cuba,CU,WEATHER,NATIONWIDE,27725,Empresa de Telecomunicaciones de Cuba S.A,,CU,Cuba
1043,ALL,Fifth mobile shutdown in Mozambique,"Movitel, Vodacom, TDM",2024-11-06T17:30:00Z,2024-11-07T04:45:00Z,MZ,37342;37223;30619,OUTAGE,https://noc.social/@cloudflareradar/113437980210298425,Mozambique,MZ,GOVERNMENT_DIRECTED,NATIONWIDE,37342;37223;30619,MOVITEL;VODACOM-MZ;TMCEL-Mocambique,[object Object];[object Object];[object Object],,
1042,ALL,Fourth mobile shutdown in Mozambique,"TDM, Movitel, Vodacom",2024-11-05T18:45:00Z,2024-11-06T04:45:00Z,MZ,30619;37342;37223,OUTAGE,https://noc.social/@cloudflareradar/113432528844673364,Mozambique,MZ,GOVERNMENT_DIRECTED,NATIONWIDE,30619;37342;37223,TMCEL-Mocambique;MOVITEL;VODACOM-MZ,[object Object];[object Object];[object Object],,
1041,ALL,Third mobile shutdown in Mozambique,"TDM, Movitel, Vodacom",2024-11-04T17:45:00Z,2024-11-05T05:00:00Z,MZ,30619;37342;37223,OUTAGE,https://noc.social/@cloudflareradar/113426401818697229,Mozambique,MZ,GOVERNMENT_DIRECTED,NATIONWIDE,30619;37342;37223,TMCEL-Mocambique;MOVITEL;VODACOM-MZ,[object Object];[object Object];[object Object],,
