id,start_date,end_date,duration,cause,outage_type,country_code,country,asn,asn_name,asn_location,month,week,day_of_week,day_of_week_num,hour,year
1467,2025-11-11 17:15:00+00:00,2025-11-12 06:00:00+00:00,12.75,POWER_OUTAGE,NATIONWIDE,DO,Dominican Republic,,Unknown ASN,Unknown,2025-11,2025-11-10/2025-11-16,Tuesday,1,17,2025
1463,2025-10-30 13:15:00+00:00,2025-11-03 14:00:00+00:00,96.75,GOVERNMENT_DIRECTED,NATIONWIDE,TZ,Tanzania,,Unknown ASN,Unknown,2025-10,2025-10-27/2025-11-02,Thursday,3,13,2025
1462,2025-10-29 09:30:00+00:00,2025-10-30 11:30:00+00:00,26.0,GOVERNMENT_DIRECTED,NATIONWIDE,TZ,Tanzania,,Unknown ASN,Unknown,2025-10,2025-10-27/2025-11-02,Wednesday,2,9,2025
1461,2025-10-28 13:00:00+00:00,2025-11-04 10:30:00+00:00,165.5,WEATHER,NATIONWIDE,JM,Jamaica,,Unknown ASN,Unknown,2025-10,2025-10-27/2025-11-02,Tuesday,1,13,2025
1460,2025-10-23 03:45:00+00:00,2025-10-23 21:00:00+00:00,17.25,CABLE_CUT,NATIONWIDE,CM,Cameroon,15964;30992;36912,CAMNET-AS;MTN-NS-CAMEROON;ORANGECM,Unknown,2025-10,2025-10-20/2025-10-26,Thursday,3,3,2025
1458,2025-10-22 08:15:00+00:00,2025-10-22 12:15:00+00:00,4.0,TECHNICAL_PROBLEM,NETWORK,IT,Italy,12874,FASTWEB,Italy,2025-10,2025-10-20/2025-10-26,Wednesday,2,8,2025
1459,2025-10-20 12:30:00+00:00,2025-10-20 21:00:00+00:00,8.5,CABLE_CUT,NETWORK,PK,Pakistan,9541,CYBERNET-AP,Pakistan,2025-10,2025-10-20/2025-10-26,Monday,0,12,2025
1456,2025-10-16 18:30:00+00:00,2025-10-16 22:00:00+00:00,3.5,CABLE_CUT,NETWORK,HT,Haiti,27653,Digicel Haiti,Haiti,2025-10,2025-10-13/2025-10-19,Thursday,3,18,2025
1423,2025-10-13 14:00:00+00:00,2025-10-13 16:00:00+00:00,2.0,TECHNICAL_PROBLEM,NETWORK,GB,United Kingdom,5378;25135,Vodafone UK;vodafone_uk_asn,Unknown,2025-10,2025-10-13/2025-10-19,Monday,0,14,2025
1419,2025-10-03 02:00:00+00:00,2025-10-03 10:00:00+00:00,8.0,TECHNICAL_PROBLEM,NETWORK,ID,Indonesia,18004,WIRELESSNET-ID,Indonesia,2025-10,2025-09-29/2025-10-05,Friday,4,2,2025
1417,2025-09-29 12:38:00+00:00,2025-10-01 11:45:00+00:00,47.11666666666667,GOVERNMENT_DIRECTED,NATIONWIDE,AF,Afghanistan,,Unknown ASN,Unknown,2025-09,2025-09-29/2025-10-05,Monday,0,12,2025
1416,2025-09-29 11:33:00+00:00,2025-09-29 11:53:00+00:00,0.3333333333333333,GOVERNMENT_DIRECTED,NATIONWIDE,AF,Afghanistan,,Unknown ASN,Unknown,2025-09,2025-09-29/2025-10-05,Monday,0,11,2025
1415,2025-09-27 08:00:00+00:00,2025-09-27 14:00:00+00:00,6.0,CABLE_CUT,NETWORK,ZA,South Africa,37457,Telkom-Internet,South Africa,2025-09,2025-09-22/2025-09-28,Saturday,5,8,2025
1414,2025-09-26 18:15:00+00:00,2025-09-26 20:00:00+00:00,1.75,CABLE_CUT,NETWORK,US,United States,11427,TWC-11427-TEXAS,United States,2025-09,2025-09-22/2025-09-28,Friday,4,18,2025
1412,2025-09-24 09:15:00+00:00,2025-09-24 10:45:00+00:00,1.5,TECHNICAL_PROBLEM,NETWORK,PK,Pakistan,23674,NAYATEL-PK,Pakistan,2025-09,2025-09-22/2025-09-28,Wednesday,2,9,2025
1413,2025-09-24 09:15:00+00:00,2025-09-24 12:15:00+00:00,3.0,TECHNICAL_PROBLEM,NETWORK,PK,Pakistan,38193,TWA-AS-AP,Pakistan,2025-09,2025-09-22/2025-09-28,Wednesday,2,9,2025
1411,2025-09-16 11:15:00+00:00,2025-09-16 18:30:00+00:00,7.25,POWER_OUTAGE,NATIONWIDE,GI,Gibraltar,,Unknown ASN,Unknown,2025-09,2025-09-15/2025-09-21,Tuesday,1,11,2025
1378,2025-09-15 04:00:00+00:00,2025-09-15 05:00:00+00:00,1.0,UNKNOWN,NETWORK,,Unknown,14593,SPACEX-STARLINK,United States,2025-09,2025-09-15/2025-09-21,Monday,0,4,2025
1345,2025-09-11 03:00:00+00:00,2025-09-11 05:00:00+00:00,2.0,GOVERNMENT_DIRECTED,NATIONWIDE,IQ,Iraq,51684;58322;203214;59588;199739,ASIACELL;halasat;HulumTele;ZAINAS-IQ;Earthlink-DMCC-IQ,Unknown,2025-09,2025-09-08/2025-09-14,Thursday,3,3,2025
1377,2025-09-10 15:00:00+00:00,2025-09-10 16:30:00+00:00,1.5,UNKNOWN,NETWORK,ZA,South Africa,37053,RSAWEB-AS,South Africa,2025-09,2025-09-08/2025-09-14,Wednesday,2,15,2025
1376,2025-09-10 13:15:00+00:00,2025-09-11 17:24:00+00:00,28.15,POWER_OUTAGE,NATIONWIDE,CU,Cuba,27725,Empresa de Telecomunicaciones de Cuba S.A,Cuba,2025-09,2025-09-08/2025-09-14,Wednesday,2,13,2025
1344,2025-09-10 03:00:00+00:00,2025-09-10 05:00:00+00:00,2.0,GOVERNMENT_DIRECTED,NATIONWIDE,IQ,Iraq,51684;58322;203214;59588;199739,ASIACELL;halasat;HulumTele;ZAINAS-IQ;Earthlink-DMCC-IQ,Unknown,2025-09,2025-09-08/2025-09-14,Wednesday,2,3,2025
1343,2025-09-09 03:00:00+00:00,2025-09-09 05:00:00+00:00,2.0,GOVERNMENT_DIRECTED,NATIONWIDE,IQ,Iraq,51684;58322;203214;59588;199739,ASIACELL;halasat;HulumTele;ZAINAS-IQ;Earthlink-DMCC-IQ,Unknown,2025-09,2025-09-08/2025-09-14,Tuesday,1,3,2025
1336,2025-09-08 03:30:00+00:00,2025-09-08 04:30:00+00:00,1.0,GOVERNMENT_DIRECTED,REGIONAL,IQ,Iraq,59625;48492;206206;21277,KorekTel;IQ-Online;KNET;Newroz-Telecom-ASN,Unknown,2025-09,2025-09-08/2025-09-14,Monday,0,3,2025
1340,2025-09-08 03:00:00+00:00,2025-09-08 05:00:00+00:00,2.0,GOVERNMENT_DIRECTED,NATIONWIDE,IQ,Iraq,51684;58322;203214;59588;199739,ASIACELL;halasat;HulumTele;ZAINAS-IQ;Earthlink-DMCC-IQ,Unknown,2025-09,2025-09-08/2025-09-14,Monday,0,3,2025
1339,2025-09-07 03:00:00+00:00,2025-09-07 05:00:00+00:00,2.0,GOVERNMENT_DIRECTED,NATIONWIDE,IQ,Iraq,51684;58322;203214;59588;199739,ASIACELL;halasat;HulumTele;ZAINAS-IQ;Earthlink-DMCC-IQ,Unknown,2025-09,2025-09-01/2025-09-07,Sunday,6,3,2025
1418,2025-09-06 12:00:00+00:00,2025-09-06 20:00:00+00:00,8.0,CABLE_CUT,REGIONAL,PK,Pakistan,,Unknown ASN,Unknown,2025-09,2025-09-01/2025-09-07,Saturday,5,12,2025
1342,2025-09-06 12:00:00+00:00,2025-09-06 20:00:00+00:00,8.0,CABLE_CUT,REGIONAL,PK,Pakistan,,Unknown ASN,Unknown,2025-09,2025-09-01/2025-09-07,Saturday,5,12,2025
1341,2025-09-06 11:00:00+00:00,2025-09-06 22:00:00+00:00,11.0,CABLE_CUT,NETWORK,AE,United Arab Emirates,15802;8966,DU-AS1;Etisalat-AS,Unknown,2025-09,2025-09-01/2025-09-07,Saturday,5,11,2025
1335,2025-09-06 03:30:00+00:00,2025-09-06 04:30:00+00:00,1.0,GOVERNMENT_DIRECTED,REGIONAL,IQ,Iraq,59625;48492;206206;21277,KorekTel;IQ-Online;KNET;Newroz-Telecom-ASN,Unknown,2025-09,2025-09-01/2025-09-07,Saturday,5,3,2025
1338,2025-09-06 03:00:00+00:00,2025-09-06 05:00:00+00:00,2.0,GOVERNMENT_DIRECTED,NATIONWIDE,IQ,Iraq,51684;58322;203214;59588;199739,ASIACELL;halasat;HulumTele;ZAINAS-IQ;Earthlink-DMCC-IQ,Unknown,2025-09,2025-09-01/2025-09-07,Saturday,5,3,2025
1327,2025-09-03 03:30:00+00:00,2025-09-03 04:30:00+00:00,1.0,GOVERNMENT_DIRECTED,REGIONAL,IQ,Iraq,59625;48492;206206;21277,KorekTel;IQ-Online;KNET;Newroz-Telecom-ASN,Unknown,2025-09,2025-09-01/2025-09-07,Wednesday,2,3,2025
1333,2025-09-03 03:00:00+00:00,2025-09-03 05:00:00+00:00,2.0,GOVERNMENT_DIRECTED,NATIONWIDE,IQ,Iraq,51684;58322;203214;59588;199739,ASIACELL;halasat;HulumTele;ZAINAS-IQ;Earthlink-DMCC-IQ,Unknown,2025-09,2025-09-01/2025-09-07,Wednesday,2,3,2025
1332,2025-09-02 03:00:00+00:00,2025-09-02 05:00:00+00:00,2.0,GOVERNMENT_DIRECTED,NATIONWIDE,IQ,Iraq,51684;58322;203214;59588;199739,ASIACELL;halasat;HulumTele;ZAINAS-IQ;Earthlink-DMCC-IQ,Unknown,2025-09,2025-09-01/2025-09-07,Tuesday,1,3,2025
1326,2025-09-01 03:30:00+00:00,2025-09-01 04:30:00+00:00,1.0,GOVERNMENT_DIRECTED,REGIONAL,IQ,Iraq,59625;48492;206206;21277,KorekTel;IQ-Online;KNET;Newroz-Telecom-ASN,Unknown,2025-09,2025-09-01/2025-09-07,Monday,0,3,2025
1331,2025-09-01 03:00:00+00:00,2025-09-01 05:00:00+00:00,2.0,GOVERNMENT_DIRECTED,NATIONWIDE,IQ,Iraq,51684;58322;203214;59588;199739,ASIACELL;halasat;HulumTele;ZAINAS-IQ;Earthlink-DMCC-IQ,Unknown,2025-09,2025-09-01/2025-09-07,Monday,0,3,2025
1330,2025-08-31 03:00:00+00:00,2025-08-31 05:00:00+00:00,2.0,GOVERNMENT_DIRECTED,NATIONWIDE,IQ,Iraq,51684;58322;203214;59588;199739,ASIACELL;halasat;HulumTele;ZAINAS-IQ;Earthlink-DMCC-IQ,Unknown,2025-08,2025-08-25/2025-08-31,Sunday,6,3,2025
1325,2025-08-30 03:30:00+00:00,2025-08-30 04:30:00+00:00,1.0,GOVERNMENT_DIRECTED,REGIONAL,IQ,Iraq,59625;48492;206206;21277,KorekTel;IQ-Online;KNET;Newroz-Telecom-ASN,Unknown,2025-08,2025-08-25/2025-08-31,Saturday,5,3,2025
1329,2025-08-30 03:00:00+00:00,2025-08-30 05:00:00+00:00,2.0,GOVERNMENT_DIRECTED,NATIONWIDE,IQ,Iraq,51684;58322;203214;59588;199739,ASIACELL;halasat;HulumTele;ZAINAS-IQ;Earthlink-DMCC-IQ,Unknown,2025-08,2025-08-25/2025-08-31,Saturday,5,3,2025
1328,2025-08-28 03:00:00+00:00,2025-08-28 05:00:00+00:00,2.0,GOVERNMENT_DIRECTED,NATIONWIDE,IQ,Iraq,51684;58322;203214;59588;199739,ASIACELL;halasat;HulumTele;ZAINAS-IQ;Earthlink-DMCC-IQ,Unknown,2025-08,2025-08-25/2025-08-31,Thursday,3,3,2025
1324,2025-08-27 06:45:00+00:00,2025-08-27 23:45:00+00:00,17.0,POWER_OUTAGE,NATIONWIDE,CW,Curaçao,52233;11081,Columbus Communications Curacao N.V.;United Telecommunication Services UTS,Unknown,2025-08,2025-08-25/2025-08-31,Wednesday,2,6,2025
1323,2025-08-27 03:30:00+00:00,2025-08-27 04:30:00+00:00,1.0,GOVERNMENT_DIRECTED,REGIONAL,IQ,Iraq,59625;48492;206206;21277,KorekTel;IQ-Online;KNET;Newroz-Telecom-ASN,Unknown,2025-08,2025-08-25/2025-08-31,Wednesday,2,3,2025
1322,2025-08-27 03:00:00+00:00,2025-08-27 05:00:00+00:00,2.0,GOVERNMENT_DIRECTED,NATIONWIDE,IQ,Iraq,51684;58322;203214;59588;199739,ASIACELL;halasat;HulumTele;ZAINAS-IQ;Earthlink-DMCC-IQ,Unknown,2025-08,2025-08-25/2025-08-31,Wednesday,2,3,2025
1321,2025-08-26 19:30:00+00:00,2025-08-26 23:00:00+00:00,3.5,CABLE_CUT,NETWORK,HT,Haiti,27653,Digicel Haiti,Haiti,2025-08,2025-08-25/2025-08-31,Tuesday,1,19,2025
1320,2025-08-26 03:00:00+00:00,2025-08-26 05:00:00+00:00,2.0,GOVERNMENT_DIRECTED,NATIONWIDE,IQ,Iraq,51684;58322;203214;59588;199739,ASIACELL;halasat;HulumTele;ZAINAS-IQ;Earthlink-DMCC-IQ,Unknown,2025-08,2025-08-25/2025-08-31,Tuesday,1,3,2025
1319,2025-08-25 03:30:00+00:00,2025-08-25 04:30:00+00:00,1.0,GOVERNMENT_DIRECTED,REGIONAL,IQ,Iraq,59625;48492;206206;21277,KorekTel;IQ-Online;KNET;Newroz-Telecom-ASN,Unknown,2025-08,2025-08-25/2025-08-31,Monday,0,3,2025
1285,2025-08-23 19:22:00+00:00,2025-08-23 21:36:00+00:00,2.2333333333333334,POWER_OUTAGE,REGIONAL,SE,Sweden,,Unknown ASN,Unknown,2025-08,2025-08-18/2025-08-24,Saturday,5,19,2025
1318,2025-08-23 03:30:00+00:00,2025-08-23 04:30:00+00:00,1.0,GOVERNMENT_DIRECTED,REGIONAL,IQ,Iraq,59625;48492;206206;21277,KorekTel;IQ-Online;KNET;Newroz-Telecom-ASN,Unknown,2025-08,2025-08-18/2025-08-24,Saturday,5,3,2025
1283,2025-08-19 16:30:00+00:00,2025-08-19 17:45:00+00:00,1.25,TECHNICAL_PROBLEM,NATIONWIDE,CN,China,,Unknown ASN,Unknown,2025-08,2025-08-18/2025-08-24,Tuesday,1,16,2025
1282,2025-08-19 16:10:00+00:00,2025-08-19 20:45:00+00:00,4.583333333333333,UNKNOWN,NETWORK,PK,Pakistan,17557;56167,PKTELECOM-AS-PK;PTML-PK,Unknown,2025-08,2025-08-18/2025-08-24,Tuesday,1,16,2025
1281,2025-08-17 03:30:00+00:00,2025-08-17 08:15:00+00:00,4.75,POWER_OUTAGE,NATIONWIDE,VC,Saint Vincent and the Grenadines,,Unknown ASN,Unknown,2025-08,2025-08-11/2025-08-17,Sunday,6,3,2025
1280,2025-08-11 14:15:00+00:00,2025-08-11 15:00:00+00:00,0.75,CYBERATTACK,NETWORK,YE,Yemen,30873,PTC-YemenNet,Yemen,2025-08,2025-08-11/2025-08-17,Monday,0,14,2025
1279,2025-08-09 04:30:00+00:00,2025-08-09 06:45:00+00:00,2.25,POWER_OUTAGE,REGIONAL,MV,Maldives,,Unknown ASN,Unknown,2025-08,2025-08-04/2025-08-10,Saturday,5,4,2025
1278,2025-08-06 16:45:00+00:00,2025-08-06 17:20:00+00:00,0.5833333333333334,UNKNOWN,NETWORK,CO,Colombia,10620;14080;26611,Telmex Colombia S.A.;Telmex Colombia;COMUNICACION CELULAR S.A. COMCEL S.A.,Unknown,2025-08,2025-08-04/2025-08-10,Wednesday,2,16,2025
1277,2025-08-03 02:00:00+00:00,2025-08-03 06:30:00+00:00,4.5,GOVERNMENT_DIRECTED,NATIONWIDE,SY,Syria,29256,INT-PDN-STE-AS,Syria,2025-08,2025-07-28/2025-08-03,Sunday,6,2,2025
1276,2025-07-31 02:00:00+00:00,2025-07-31 06:30:00+00:00,4.5,GOVERNMENT_DIRECTED,NATIONWIDE,SY,Syria,29256,INT-PDN-STE-AS,Syria,2025-07,2025-07-28/2025-08-03,Thursday,3,2,2025
1275,2025-07-29 23:24:50+00:00,2025-07-31 10:30:00+00:00,35.08611111111111,NATURAL_DISASTER,REGIONAL,RU,Russian Federation,,Unknown ASN,Unknown,2025-07,2025-07-28/2025-08-03,Tuesday,1,23,2025
1274,2025-07-28 02:00:00+00:00,2025-07-28 07:15:00+00:00,5.25,GOVERNMENT_DIRECTED,NATIONWIDE,SY,Syria,29256,INT-PDN-STE-AS,Syria,2025-07,2025-07-28/2025-08-03,Monday,0,2,2025
1273,2025-07-24 19:13:00+00:00,2025-07-24 21:28:00+00:00,2.25,TECHNICAL_PROBLEM,NETWORK,,Unknown,14593,SPACEX-STARLINK,United States,2025-07,2025-07-21/2025-07-27,Thursday,3,19,2025
1272,2025-07-21 05:15:00+00:00,2025-07-21 08:00:00+00:00,2.75,GOVERNMENT_DIRECTED,NATIONWIDE,SY,Syria,29256,INT-PDN-STE-AS,Syria,2025-07,2025-07-21/2025-07-27,Monday,0,5,2025
1270,2025-07-19 12:45:00+00:00,2025-07-19 15:45:00+00:00,3.0,CABLE_CUT,NATIONWIDE,AO,Angola,,Unknown ASN,Unknown,2025-07,2025-07-14/2025-07-20,Saturday,5,12,2025
1271,2025-07-17 05:15:00+00:00,2025-07-17 07:00:00+00:00,1.75,GOVERNMENT_DIRECTED,NATIONWIDE,SY,Syria,29256,INT-PDN-STE-AS,Syria,2025-07,2025-07-14/2025-07-20,Thursday,3,5,2025
1265,2025-07-12 05:15:00+00:00,2025-07-12 07:00:00+00:00,1.75,GOVERNMENT_DIRECTED,NATIONWIDE,SY,Syria,29256,INT-PDN-STE-AS,Syria,2025-07,2025-07-07/2025-07-13,Saturday,5,5,2025
1264,2025-07-10 12:00:00+00:00,2025-07-10 15:00:00+00:00,3.0,GOVERNMENT_DIRECTED,NATIONWIDE,SD,Sudan,15706;36998;36972,Sudatel;SDN-MOBITEL;MTNSD,Unknown,2025-07,2025-07-07/2025-07-13,Thursday,3,12,2025
1263,2025-07-09 12:00:00+00:00,2025-07-09 15:00:00+00:00,3.0,GOVERNMENT_DIRECTED,NATIONWIDE,SD,Sudan,15706;36998;36972,Sudatel;SDN-MOBITEL;MTNSD,Unknown,2025-07,2025-07-07/2025-07-13,Wednesday,2,12,2025
1262,2025-07-09 05:15:00+00:00,2025-07-09 06:30:00+00:00,1.25,GOVERNMENT_DIRECTED,NATIONWIDE,SY,Syria,29256,INT-PDN-STE-AS,Syria,2025-07,2025-07-07/2025-07-13,Wednesday,2,5,2025
1261,2025-07-08 12:00:00+00:00,2025-07-08 15:00:00+00:00,3.0,GOVERNMENT_DIRECTED,NATIONWIDE,SD,Sudan,15706;36998;36972,Sudatel;SDN-MOBITEL;MTNSD,Unknown,2025-07,2025-07-07/2025-07-13,Tuesday,1,12,2025
1260,2025-07-07 15:45:00+00:00,2025-07-07 18:00:00+00:00,2.25,CABLE_CUT,NETWORK,DO,Dominican Republic,6400,Claro Dominicana,Dominican Republic,2025-07,2025-07-07/2025-07-13,Monday,0,15,2025
1268,2025-07-07 14:30:00+00:00,2025-07-09 00:00:00+00:00,33.5,FIRE,NATIONWIDE,EG,Egypt,36992,ETISALAT-MISR,Egypt,2025-07,2025-07-07/2025-07-13,Monday,0,14,2025
1267,2025-07-07 14:30:00+00:00,2025-07-11 03:15:00+00:00,84.75,FIRE,NATIONWIDE,EG,Egypt,24863,LINKdotNET-AS,Egypt,2025-07,2025-07-07/2025-07-13,Monday,0,14,2025
1259,2025-07-07 14:30:00+00:00,2025-07-10 00:00:00+00:00,57.5,FIRE,NATIONWIDE,EG,Egypt,24835;37069,RAYA-AS;MOBINIL,Unknown,2025-07,2025-07-07/2025-07-13,Monday,0,14,2025
1258,2025-07-07 12:00:00+00:00,2025-07-07 15:00:00+00:00,3.0,GOVERNMENT_DIRECTED,NATIONWIDE,SD,Sudan,15706;36998;36972,Sudatel;SDN-MOBITEL;MTNSD,Unknown,2025-07,2025-07-07/2025-07-13,Monday,0,12,2025
1257,2025-07-06 03:30:00+00:00,2025-07-06 04:30:00+00:00,1.0,GOVERNMENT_DIRECTED,REGIONAL,IQ,Iraq,48492;59625;21277;206206,IQ-Online;KorekTel;Newroz-Telecom-ASN;KNET,Unknown,2025-07,2025-06-30/2025-07-06,Sunday,6,3,2025
1256,2025-07-05 21:15:00+00:00,2025-07-06 00:00:00+00:00,2.75,UNKNOWN,NATIONWIDE,IR,Iran,,Unknown ASN,Unknown,2025-07,2025-06-30/2025-07-06,Saturday,5,21,2025
1255,2025-07-04 10:00:00+00:00,2025-07-04 20:00:00+00:00,10.0,POWER_OUTAGE,NATIONWIDE,CZ,Czech Republic,,Unknown ASN,Unknown,2025-07,2025-06-30/2025-07-06,Friday,4,10,2025
1252,2025-07-03 05:15:00+00:00,2025-07-03 06:00:00+00:00,0.75,GOVERNMENT_DIRECTED,NATIONWIDE,SY,Syria,29256,INT-PDN-STE-AS,Syria,2025-07,2025-06-30/2025-07-06,Thursday,3,5,2025
1253,2025-07-03 03:00:00+00:00,2025-07-03 04:45:00+00:00,1.75,GOVERNMENT_DIRECTED,NATIONWIDE,IQ,Iraq,199739;51684;59588;58322;203214,Earthlink-DMCC-IQ;ASIACELL;ZAINAS-IQ;halasat;HulumTele,Unknown,2025-07,2025-06-30/2025-07-06,Thursday,3,3,2025
1251,2025-07-02 03:30:00+00:00,2025-07-02 04:30:00+00:00,1.0,GOVERNMENT_DIRECTED,REGIONAL,IQ,Iraq,48492;59625;21277;206206,IQ-Online;KorekTel;Newroz-Telecom-ASN;KNET,Unknown,2025-07,2025-06-30/2025-07-06,Wednesday,2,3,2025
1250,2025-07-02 03:00:00+00:00,2025-07-02 04:45:00+00:00,1.75,GOVERNMENT_DIRECTED,NATIONWIDE,IQ,Iraq,199739;51684;59588;58322;203214,Earthlink-DMCC-IQ;ASIACELL;ZAINAS-IQ;halasat;HulumTele,Unknown,2025-07,2025-06-30/2025-07-06,Wednesday,2,3,2025
1249,2025-07-01 11:30:00+00:00,2025-07-01 18:00:00+00:00,6.5,POWER_OUTAGE,NETWORK,TZ,Tanzania,37133,airtel-tz-as,Tanzania,2025-07,2025-06-30/2025-07-06,Tuesday,1,11,2025
1248,2025-07-01 03:00:00+00:00,2025-07-01 04:45:00+00:00,1.75,GOVERNMENT_DIRECTED,NATIONWIDE,IQ,Iraq,199739;51684;59588;58322;203214,Earthlink-DMCC-IQ;ASIACELL;ZAINAS-IQ;halasat;HulumTele,Unknown,2025-07,2025-06-30/2025-07-06,Tuesday,1,3,2025
1247,2025-06-29 05:15:00+00:00,2025-06-29 06:00:00+00:00,0.75,GOVERNMENT_DIRECTED,NATIONWIDE,SY,Syria,29256,INT-PDN-STE-AS,Syria,2025-06,2025-06-23/2025-06-29,Sunday,6,5,2025
1246,2025-06-29 03:30:00+00:00,2025-06-29 04:30:00+00:00,1.0,GOVERNMENT_DIRECTED,REGIONAL,IQ,Iraq,48492;59625;21277;206206,IQ-Online;KorekTel;Newroz-Telecom-ASN;KNET,Unknown,2025-06,2025-06-23/2025-06-29,Sunday,6,3,2025
1245,2025-06-29 03:00:00+00:00,2025-06-29 04:45:00+00:00,1.75,GOVERNMENT_DIRECTED,NATIONWIDE,IQ,Iraq,199739;51684;59588;58322;203214,Earthlink-DMCC-IQ;ASIACELL;ZAINAS-IQ;halasat;HulumTele,Unknown,2025-06,2025-06-23/2025-06-29,Sunday,6,3,2025
1244,2025-06-28 03:00:00+00:00,2025-06-28 04:45:00+00:00,1.75,GOVERNMENT_DIRECTED,NATIONWIDE,IQ,Iraq,199739;51684;59588;58322;203214,Earthlink-DMCC-IQ;ASIACELL;ZAINAS-IQ;halasat;HulumTele,Unknown,2025-06,2025-06-23/2025-06-29,Saturday,5,3,2025
1241,2025-06-25 03:30:00+00:00,2025-06-25 04:30:00+00:00,1.0,GOVERNMENT_DIRECTED,REGIONAL,IQ,Iraq,48492;59625;21277;206206,IQ-Online;KorekTel;Newroz-Telecom-ASN;KNET,Unknown,2025-06,2025-06-23/2025-06-29,Wednesday,2,3,2025
1240,2025-06-25 03:00:00+00:00,2025-06-25 04:45:00+00:00,1.75,GOVERNMENT_DIRECTED,NATIONWIDE,IQ,Iraq,199739;51684;59588;58322;203214,Earthlink-DMCC-IQ;ASIACELL;ZAINAS-IQ;halasat;HulumTele,Unknown,2025-06,2025-06-23/2025-06-29,Wednesday,2,3,2025
1239,2025-06-24 12:30:00+00:00,2025-06-24 14:00:00+00:00,1.5,CABLE_CUT,NETWORK,MW,Malawi,37440,Airtel-MW,Malawi,2025-06,2025-06-23/2025-06-29,Tuesday,1,12,2025
1243,2025-06-24 05:15:00+00:00,2025-06-24 06:00:00+00:00,0.75,GOVERNMENT_DIRECTED,NATIONWIDE,SY,Syria,29256,INT-PDN-STE-AS,Syria,2025-06,2025-06-23/2025-06-29,Tuesday,1,5,2025
1237,2025-06-23 03:00:00+00:00,2025-06-23 04:45:00+00:00,1.75,GOVERNMENT_DIRECTED,NATIONWIDE,IQ,Iraq,199739;51684;59588;58322;203214,Earthlink-DMCC-IQ;ASIACELL;ZAINAS-IQ;halasat;HulumTele,Unknown,2025-06,2025-06-23/2025-06-29,Monday,0,3,2025
1238,2025-06-22 03:30:00+00:00,2025-06-22 04:30:00+00:00,1.0,GOVERNMENT_DIRECTED,REGIONAL,IQ,Iraq,48492;59625;21277;206206,IQ-Online;KorekTel;Newroz-Telecom-ASN;KNET,Unknown,2025-06,2025-06-16/2025-06-22,Sunday,6,3,2025
1236,2025-06-22 03:00:00+00:00,2025-06-22 04:45:00+00:00,1.75,GOVERNMENT_DIRECTED,NATIONWIDE,IQ,Iraq,199739;51684;59588;58322;203214,Earthlink-DMCC-IQ;ASIACELL;ZAINAS-IQ;halasat;HulumTele,Unknown,2025-06,2025-06-16/2025-06-22,Sunday,6,3,2025
1242,2025-06-21 05:15:00+00:00,2025-06-21 06:00:00+00:00,0.75,GOVERNMENT_DIRECTED,NATIONWIDE,SY,Syria,29256,INT-PDN-STE-AS,Syria,2025-06,2025-06-16/2025-06-22,Saturday,5,5,2025
1235,2025-06-21 03:00:00+00:00,2025-06-21 04:45:00+00:00,1.75,GOVERNMENT_DIRECTED,NATIONWIDE,IQ,Iraq,199739;51684;59588;58322;203214,Earthlink-DMCC-IQ;ASIACELL;ZAINAS-IQ;halasat;HulumTele,Unknown,2025-06,2025-06-16/2025-06-22,Saturday,5,3,2025
1234,2025-06-19 21:45:00+00:00,2025-06-20 00:00:00+00:00,2.25,TECHNICAL_PROBLEM,NETWORK,,Unknown,209,CENTURYLINK-US-LEGACY-QWEST,United States,2025-06,2025-06-16/2025-06-22,Thursday,3,21,2025
1232,2025-06-19 03:00:00+00:00,2025-06-19 04:45:00+00:00,1.75,GOVERNMENT_DIRECTED,NATIONWIDE,IQ,Iraq,199739;51684;59588;58322;203214,Earthlink-DMCC-IQ;ASIACELL;ZAINAS-IQ;halasat;HulumTele,Unknown,2025-06,2025-06-16/2025-06-22,Thursday,3,3,2025
1231,2025-06-18 12:50:00+00:00,2025-06-25 05:00:00+00:00,160.16666666666666,GOVERNMENT_DIRECTED,NATIONWIDE,IR,Iran,58224;24631;13549;44244;57218;50810;43754;197207,TCI;FANAPTELECOM-FCP;MERCURY;IranCell-AS;RighTel;Mobinnet-AS;ASIATECH;MCCI-AS,Unknown,2025-06,2025-06-16/2025-06-22,Wednesday,2,12,2025
1226,2025-06-18 03:00:00+00:00,2025-06-18 04:45:00+00:00,1.75,GOVERNMENT_DIRECTED,NATIONWIDE,IQ,Iraq,199739;51684;59588;58322;203214,Earthlink-DMCC-IQ;ASIACELL;ZAINAS-IQ;halasat;HulumTele,Unknown,2025-06,2025-06-16/2025-06-22,Wednesday,2,3,2025
1229,2025-06-17 14:00:00+00:00,2025-06-17 22:00:00+00:00,8.0,GOVERNMENT_DIRECTED,NATIONWIDE,IR,Iran,57218,RighTel,Iran,2025-06,2025-06-16/2025-06-22,Tuesday,1,14,2025
1227,2025-06-17 14:00:00+00:00,2025-06-17 15:30:00+00:00,1.5,GOVERNMENT_DIRECTED,NATIONWIDE,IR,Iran,24631;16322,FANAPTELECOM-FCP;PARSONLINE,Unknown,2025-06,2025-06-16/2025-06-22,Tuesday,1,14,2025
1228,2025-06-17 14:00:00+00:00,2025-06-17 15:00:00+00:00,1.0,GOVERNMENT_DIRECTED,NATIONWIDE,IR,Iran,58224,TCI,Iran,2025-06,2025-06-16/2025-06-22,Tuesday,1,14,2025
1230,2025-06-17 14:00:00+00:00,2025-06-18 06:00:00+00:00,16.0,GOVERNMENT_DIRECTED,NATIONWIDE,IR,Iran,31549;205647,RASANA;AFAGH,Unknown,2025-06,2025-06-16/2025-06-22,Tuesday,1,14,2025
1225,2025-06-17 14:00:00+00:00,2025-06-17 20:00:00+00:00,6.0,GOVERNMENT_DIRECTED,NATIONWIDE,IR,Iran,197207;44244,MCCI-AS;IranCell-AS,Unknown,2025-06,2025-06-16/2025-06-22,Tuesday,1,14,2025
1224,2025-06-17 03:00:00+00:00,2025-06-17 04:45:00+00:00,1.75,GOVERNMENT_DIRECTED,NATIONWIDE,IQ,Iraq,199739;51684;59588;58322;203214,Earthlink-DMCC-IQ;ASIACELL;ZAINAS-IQ;halasat;HulumTele,Unknown,2025-06,2025-06-16/2025-06-22,Tuesday,1,3,2025
1223,2025-06-16 09:00:20+00:00,2025-06-16 21:00:00+00:00,11.994444444444444,TECHNICAL_PROBLEM,NETWORK,FR,France,15557,LDCOMNET,France,2025-06,2025-06-16/2025-06-22,Monday,0,9,2025
1222,2025-06-16 03:00:00+00:00,2025-06-16 04:45:00+00:00,1.75,GOVERNMENT_DIRECTED,NATIONWIDE,IQ,Iraq,199739;51684;59588;58322;203214,Earthlink-DMCC-IQ;ASIACELL;ZAINAS-IQ;halasat;HulumTele,Unknown,2025-06,2025-06-16/2025-06-22,Monday,0,3,2025
1233,2025-06-14 18:00:00+00:00,2025-06-15 14:00:00+00:00,20.0,POWER_OUTAGE,NETWORK,CW,Curaçao,52233,Columbus Communications Curacao N.V.,Curaçao,2025-06,2025-06-09/2025-06-15,Saturday,5,18,2025
1221,2025-06-14 03:00:00+00:00,2025-06-14 04:45:00+00:00,1.75,GOVERNMENT_DIRECTED,NATIONWIDE,IQ,Iraq,199739;51684;59588;58322;203214,Earthlink-DMCC-IQ;ASIACELL;ZAINAS-IQ;halasat;HulumTele,Unknown,2025-06,2025-06-09/2025-06-15,Saturday,5,3,2025
1220,2025-06-13 07:15:00+00:00,2025-06-13 09:45:00+00:00,2.5,GOVERNMENT_DIRECTED,NATIONWIDE,IR,Iran,24631;205647;197207;58224;12880;31549;25184,FANAPTELECOM-FCP;AFAGH;MCCI-AS;TCI;DCI-AS;RASANA;AFRANET,Unknown,2025-06,2025-06-09/2025-06-15,Friday,4,7,2025
1219,2025-06-11 03:30:00+00:00,2025-06-11 04:30:00+00:00,1.0,GOVERNMENT_DIRECTED,REGIONAL,IQ,Iraq,48492;59625;21277;206206,IQ-Online;KorekTel;Newroz-Telecom-ASN;KNET,Unknown,2025-06,2025-06-09/2025-06-15,Wednesday,2,3,2025
1218,2025-06-10 08:15:00+00:00,2025-06-10 10:15:00+00:00,2.0,UNKNOWN,NATIONWIDE,SY,Syria,29256,INT-PDN-STE-AS,Syria,2025-06,2025-06-09/2025-06-15,Tuesday,1,8,2025
1217,2025-06-06 17:40:00+00:00,2025-06-06 19:45:00+00:00,2.0833333333333335,UNKNOWN,NATIONWIDE,KP,"Korea, North",131279,STAR-KP,"Korea, North",2025-06,2025-06-02/2025-06-08,Friday,4,17,2025
1213,2025-06-04 03:30:00+00:00,2025-06-04 04:30:00+00:00,1.0,GOVERNMENT_DIRECTED,REGIONAL,IQ,Iraq,48492;59625;21277;206206,IQ-Online;KorekTel;Newroz-Telecom-ASN;KNET,Unknown,2025-06,2025-06-02/2025-06-08,Wednesday,2,3,2025
1140,2025-06-02 03:00:00+00:00,2025-06-02 05:00:00+00:00,2.0,GOVERNMENT_DIRECTED,NATIONWIDE,IQ,Iraq,199739;51684;59588;58322;203214,Earthlink-DMCC-IQ;ASIACELL;ZAINAS-IQ;halasat;HulumTele,Unknown,2025-06,2025-06-02/2025-06-08,Monday,0,3,2025
1179,2025-06-01 07:30:00+00:00,2025-06-01 13:00:00+00:00,5.5,POWER_OUTAGE,REGIONAL,MV,Maldives,7642;55944,DHIRAAGU-MV-AP;OOREDOO-MV,Unknown,2025-06,2025-05-26/2025-06-01,Sunday,6,7,2025
1212,2025-06-01 03:30:00+00:00,2025-06-01 04:30:00+00:00,1.0,GOVERNMENT_DIRECTED,REGIONAL,IQ,Iraq,48492;59625;21277;206206,IQ-Online;KorekTel;Newroz-Telecom-ASN;KNET,Unknown,2025-06,2025-05-26/2025-06-01,Sunday,6,3,2025
1139,2025-05-31 03:00:00+00:00,2025-05-31 05:00:00+00:00,2.0,GOVERNMENT_DIRECTED,NATIONWIDE,IQ,Iraq,199739;51684;59588;58322;203214,Earthlink-DMCC-IQ;ASIACELL;ZAINAS-IQ;halasat;HulumTele,Unknown,2025-05,2025-05-26/2025-06-01,Saturday,5,3,2025
1177,2025-05-30 14:15:00+00:00,2025-05-30 17:00:00+00:00,2.75,UNKNOWN,NETWORK,HT,Haiti,27653,Digicel Haiti,Haiti,2025-05,2025-05-26/2025-06-01,Friday,4,14,2025
1176,2025-05-28 21:00:00+00:00,2025-05-29 00:45:00+00:00,3.75,CABLE_CUT,NETWORK,HT,Haiti,27653,Digicel Haiti,Haiti,2025-05,2025-05-26/2025-06-01,Wednesday,2,21,2025
1178,2025-05-28 05:00:00+00:00,2025-06-05 00:00:00+00:00,187.0,CYBERATTACK,NETWORK,,Unknown,8752,ASVT-NETWORK,Russian Federation,2025-05,2025-05-26/2025-06-01,Wednesday,2,5,2025
1138,2025-05-28 03:00:00+00:00,2025-05-28 05:00:00+00:00,2.0,GOVERNMENT_DIRECTED,NATIONWIDE,IQ,Iraq,199739;51684;59588;58322;203214,Earthlink-DMCC-IQ;ASIACELL;ZAINAS-IQ;halasat;HulumTele,Unknown,2025-05,2025-05-26/2025-06-01,Wednesday,2,3,2025
1137,2025-05-26 03:00:00+00:00,2025-05-26 05:00:00+00:00,2.0,GOVERNMENT_DIRECTED,NATIONWIDE,IQ,Iraq,199739;51684;59588;58322;203214,Earthlink-DMCC-IQ;ASIACELL;ZAINAS-IQ;halasat;HulumTele,Unknown,2025-05,2025-05-26/2025-06-01,Monday,0,3,2025
1136,2025-05-24 03:00:00+00:00,2025-05-24 05:00:00+00:00,2.0,GOVERNMENT_DIRECTED,NATIONWIDE,IQ,Iraq,199739;51684;59588;58322;203214,Earthlink-DMCC-IQ;ASIACELL;ZAINAS-IQ;halasat;HulumTele,Unknown,2025-05,2025-05-19/2025-05-25,Saturday,5,3,2025
1143,2025-05-22 03:00:00+00:00,2025-05-22 08:00:00+00:00,5.0,UNKNOWN,NETWORK,TH,Thailand,132061,Realmove-as-ap,Thailand,2025-05,2025-05-19/2025-05-25,Thursday,3,3,2025
1135,2025-05-22 03:00:00+00:00,2025-05-22 05:00:00+00:00,2.0,GOVERNMENT_DIRECTED,NATIONWIDE,IQ,Iraq,199739;51684;59588;58322;203214,Earthlink-DMCC-IQ;ASIACELL;ZAINAS-IQ;halasat;HulumTele,Unknown,2025-05,2025-05-19/2025-05-25,Thursday,3,3,2025
1142,2025-05-21 13:15:00+00:00,2025-05-21 14:15:00+00:00,1.0,TECHNICAL_PROBLEM,NETWORK,CA,Canada,577,BACOM,Canada,2025-05,2025-05-19/2025-05-25,Wednesday,2,13,2025
1133,2025-05-20 03:00:00+00:00,2025-05-20 05:00:00+00:00,2.0,GOVERNMENT_DIRECTED,NATIONWIDE,IQ,Iraq,199739;51684;59588;58322;203214,Earthlink-DMCC-IQ;ASIACELL;ZAINAS-IQ;halasat;HulumTele,Unknown,2025-05,2025-05-19/2025-05-25,Tuesday,1,3,2025
1134,2025-05-20 00:15:19+00:00,2025-05-20 10:15:00+00:00,9.994722222222222,MAINTENANCE,NETWORK,ES,Spain,3352;57269,Telefonica_de_Espana;DIGISPAINTELECOM,Unknown,2025-05,2025-05-19/2025-05-25,Tuesday,1,0,2025
1126,2025-05-18 03:00:00+00:00,2025-05-18 04:45:00+00:00,1.75,POWER_OUTAGE,NATIONWIDE,MK,North Macedonia,,Unknown ASN,Unknown,2025-05,2025-05-12/2025-05-18,Sunday,6,3,2025
1131,2025-05-17 02:00:00+00:00,2025-05-17 11:30:00+00:00,9.5,GOVERNMENT_DIRECTED,NETWORK,LY,Libya,328539,Giga-Communication,Libya,2025-05,2025-05-12/2025-05-18,Saturday,5,2,2025
1129,2025-05-16 18:30:00+00:00,2025-05-16 23:45:00+00:00,5.25,GOVERNMENT_DIRECTED,NETWORK,LY,Libya,37558,LITC,Libya,2025-05,2025-05-12/2025-05-18,Friday,4,18,2025
1130,2025-05-16 14:45:00+00:00,2025-05-17 00:00:00+00:00,9.25,GOVERNMENT_DIRECTED,NETWORK,LY,Libya,328539,Giga-Communication,Libya,2025-05,2025-05-12/2025-05-18,Friday,4,14,2025
1127,2025-05-16 14:00:00+00:00,2025-05-17 01:30:00+00:00,11.5,GOVERNMENT_DIRECTED,NETWORK,LY,Libya,329129,LNETLICT,Libya,2025-05,2025-05-12/2025-05-18,Friday,4,14,2025
1128,2025-05-16 13:30:00+00:00,2025-05-17 00:15:00+00:00,10.75,GOVERNMENT_DIRECTED,NETWORK,LY,Libya,328733,Awal-Telecom,Libya,2025-05,2025-05-12/2025-05-18,Friday,4,13,2025
1132,2025-05-16 13:30:00+00:00,2025-05-17 00:30:00+00:00,11.0,GOVERNMENT_DIRECTED,NETWORK,LY,Libya,37284,Aljeel-net,Libya,2025-05,2025-05-12/2025-05-18,Friday,4,13,2025
1093,2025-05-09 17:00:00+00:00,2025-05-09 20:15:00+00:00,3.25,POWER_OUTAGE,NATIONWIDE,KN,Saint Kitts and Nevis,,Unknown ASN,Unknown,2025-05,2025-05-05/2025-05-11,Friday,4,17,2025
1092,2025-05-07 19:15:00+00:00,2025-05-08 03:00:00+00:00,7.75,UNKNOWN,NETWORK,PH,Philippines,23944,SKYBB-AS-AP,Philippines,2025-05,2025-05-05/2025-05-11,Wednesday,2,19,2025
1091,2025-05-06 00:30:00+00:00,2025-05-06 09:15:00+00:00,8.75,TECHNICAL_PROBLEM,NETWORK,NG,Nigeria,29465,VCG-AS,Nigeria,2025-05,2025-05-05/2025-05-11,Tuesday,1,0,2025
1090,2025-04-28 12:15:00+00:00,2025-04-28 23:30:00+00:00,11.25,POWER_OUTAGE,NETWORK,MA,Morocco,36925,ASMedi,Morocco,2025-04,2025-04-28/2025-05-04,Monday,0,12,2025
1089,2025-04-28 10:30:00+00:00,2025-04-29 00:00:00+00:00,13.5,POWER_OUTAGE,NATIONWIDE,PT;ES,Portugal;Spain,,Unknown ASN,Unknown,2025-04,2025-04-28/2025-05-04,Monday,0,10,2025
1088,2025-04-16 16:40:00+00:00,2025-04-18 15:00:00+00:00,46.333333333333336,POWER_OUTAGE,NATIONWIDE,PR,Puerto Rico,,Unknown ASN,Unknown,2025-04,2025-04-14/2025-04-20,Wednesday,2,16,2025
1087,2025-04-11 00:00:00+00:00,2025-04-11 11:00:00+00:00,11.0,CABLE_CUT,NETWORK,HK,Hong Kong,9269,HKBN-AS-AP,Hong Kong,2025-04,2025-04-07/2025-04-13,Friday,4,0,2025
1086,2025-04-10 11:30:00+00:00,2025-04-10 14:30:00+00:00,3.0,POWER_OUTAGE,NATIONWIDE,GY,Guyana,,Unknown ASN,Unknown,2025-04,2025-04-07/2025-04-13,Thursday,3,11,2025
1085,2025-04-01 06:30:00+00:00,2025-04-01 07:15:00+00:00,0.75,UNKNOWN,NETWORK,FI,Finland,1759,TSF-IP-Core,Finland,2025-04,2025-03-31/2025-04-06,Tuesday,1,6,2025
1084,2025-03-28 06:15:00+00:00,2025-04-01 00:00:00+00:00,89.75,NATURAL_DISASTER,NATIONWIDE,MM,Myanmar,134840;136442,MCCL-AS-AP;OCEANWAVE-AS-AP,Unknown,2025-03,2025-03-24/2025-03-30,Friday,4,6,2025
1083,2025-03-24 23:40:00+00:00,2025-03-25 10:15:00+00:00,10.583333333333334,CABLE_CUT,NATIONWIDE,SY,Syria,29256,INT-PDN-STE-AS,Syria,2025-03,2025-03-24/2025-03-30,Monday,0,23,2025
1082,2025-03-16 04:30:00+00:00,2025-03-16 11:08:00+00:00,6.633333333333334,POWER_OUTAGE,NATIONWIDE,PA,Panama,,Unknown ASN,Unknown,2025-03,2025-03-10/2025-03-16,Sunday,6,4,2025
1081,2025-03-15 00:15:00+00:00,2025-03-17 00:00:00+00:00,47.75,POWER_OUTAGE,NATIONWIDE,CU,Cuba,27725,Empresa de Telecomunicaciones de Cuba S.A,Cuba,2025-03,2025-03-10/2025-03-16,Saturday,5,0,2025
1080,2025-03-11 04:00:00+00:00,2025-03-11 05:45:00+00:00,1.75,TECHNICAL_PROBLEM,NETWORK,FR,France,5410,BOUYGTEL-ISP,France,2025-03,2025-03-10/2025-03-16,Tuesday,1,4,2025
1079,2025-03-01 15:30:00+00:00,2025-03-01 17:30:00+00:00,2.0,POWER_OUTAGE,NATIONWIDE,HN,Honduras,,Unknown ASN,Unknown,2025-03,2025-02-24/2025-03-02,Saturday,5,15,2025
1078,2025-02-28 10:00:00+00:00,2025-03-04 04:00:00+00:00,90.0,WEATHER,NATIONWIDE,RE,Reunion,,Unknown ASN,Unknown,2025-02,2025-02-24/2025-03-02,Friday,4,10,2025
1077,2025-02-25 18:15:00+00:00,2025-02-26 06:00:00+00:00,11.75,POWER_OUTAGE,NATIONWIDE,CL,Chile,22047;7418;27901,VTR Global COM S.A.;Movistar ISP;Pacifico Cable S.A.,Unknown,2025-02,2025-02-24/2025-03-02,Tuesday,1,18,2025
1075,2025-02-10 06:20:00+00:00,2025-02-10 15:00:00+00:00,8.666666666666666,POWER_OUTAGE,NETWORK,AU,Australia,7545,TPG-INTERNET-AP,Australia,2025-02,2025-02-10/2025-02-16,Monday,0,6,2025
1074,2025-02-09 05:45:00+00:00,2025-02-09 15:30:00+00:00,9.75,POWER_OUTAGE,NATIONWIDE,LK,Sri Lanka,18001,DIALOG-AS,Sri Lanka,2025-02,2025-02-03/2025-02-09,Sunday,6,5,2025
1073,2025-02-03 11:15:00+00:00,2025-02-03 20:00:00+00:00,8.75,UNKNOWN,NATIONWIDE,SY,Syria,29256,INT-PDN-STE-AS,Syria,2025-02,2025-02-03/2025-02-09,Monday,0,11,2025
1072,2025-02-02 15:15:00+00:00,2025-02-02 16:45:00+00:00,1.5,CABLE_CUT,NATIONWIDE,NP,Nepal,23752;17501;139922;45650;38565,NPTELECOM-NP-AS;WLINK-NEPAL-AS-AP;DMNPL-AS-AP;VIANET-NP;NCELL-AS-NP,Unknown,2025-02,2025-01-27/2025-02-02,Sunday,6,15,2025
1071,2025-01-27 17:30:00+00:00,2025-01-27 21:55:00+00:00,4.416666666666667,TECHNICAL_PROBLEM,NETWORK,GE,Georgia,16010,MagticomAS,Georgia,2025-01,2025-01-27/2025-02-02,Monday,0,17,2025
1070,2025-01-24 06:30:42+00:00,2025-01-28 14:00:00+00:00,103.48833333333333,WEATHER,REGIONAL,IE,Ireland,,Unknown ASN,Unknown,2025-01,2025-01-20/2025-01-26,Friday,4,6,2025
1069,2025-01-23 21:15:00+00:00,2025-01-24 05:45:00+00:00,8.5,CABLE_CUT,NATIONWIDE,SY,Syria,29256,INT-PDN-STE-AS,Syria,2025-01,2025-01-20/2025-01-26,Thursday,3,21,2025
1068,2025-01-15 15:15:00+00:00,2025-01-15 16:00:00+00:00,0.75,FIRE,NETWORK,HT,Haiti,27653,Digicel Haiti,Haiti,2025-01,2025-01-13/2025-01-19,Wednesday,2,15,2025
1067,2025-01-15 01:30:00+00:00,2025-01-15 02:45:00+00:00,1.25,FIRE,NETWORK,HT,Haiti,27653,Digicel Haiti,Haiti,2025-01,2025-01-13/2025-01-19,Wednesday,2,1,2025
1066,2025-01-14 14:00:00+00:00,2025-01-14 14:30:00+00:00,0.5,UNKNOWN,NATIONWIDE,RU,Russian Federation,8359;12389;16345;31133;203451,MTS;ROSTELECOM-AS;BEE-AS;MF-MGSM-AS;K-Telecom-Network,Unknown,2025-01,2025-01-13/2025-01-19,Tuesday,1,14,2025
1065,2025-01-07 00:00:00+00:00,2025-01-08 16:00:00+00:00,40.0,CYBERATTACK,NETWORK,RU,Russian Federation,29329,NODEX-AS,Russian Federation,2025-01,2025-01-06/2025-01-12,Tuesday,1,0,2025
1063,2025-01-06 13:45:00+00:00,2025-01-06 21:00:00+00:00,7.25,POWER_OUTAGE,NATIONWIDE,AO,Angola,,Unknown ASN,Unknown,2025-01,2025-01-06/2025-01-12,Monday,0,13,2025
1061,2025-01-02 13:00:00+00:00,2025-01-04 12:00:00+00:00,47.0,CABLE_CUT,NATIONWIDE,PK,Pakistan,,Unknown ASN,Unknown,2025-01,2024-12-30/2025-01-05,Thursday,3,13,2025
1059,2024-12-31 09:15:00+00:00,2025-01-02 13:00:00+00:00,51.75,POWER_OUTAGE,NATIONWIDE,PR,Puerto Rico,,Unknown ASN,Unknown,2024-12,2024-12-30/2025-01-05,Tuesday,1,9,2024
1060,2024-12-31 00:00:00+00:00,2025-01-01 06:00:00+00:00,30.0,TECHNICAL_PROBLEM,NETWORK,,Unknown,800,ONEWEB,United States,2024-12,2024-12-30/2025-01-05,Tuesday,1,0,2024
1058,2024-12-17 21:15:00+00:00,2024-12-18 04:35:00+00:00,7.333333333333333,POWER_OUTAGE,NATIONWIDE,KE,Kenya,,Unknown ASN,Unknown,2024-12,2024-12-16/2024-12-22,Tuesday,1,21,2024
1057,2024-12-17 01:45:00+00:00,2024-12-26 12:00:00+00:00,226.25,NATURAL_DISASTER,NATIONWIDE,VU,Vanuatu,,Unknown ASN,Unknown,2024-12,2024-12-16/2024-12-22,Tuesday,1,1,2024
1056,2024-12-14 06:00:00+00:00,2025-05-01 00:00:00+00:00,3306.0,WEATHER,NATIONWIDE,YT,Mayotte,,Unknown ASN,Unknown,2024-12,2024-12-09/2024-12-15,Saturday,5,6,2024
1055,2024-12-10 04:10:00+00:00,2024-12-10 07:15:00+00:00,3.0833333333333335,MAINTENANCE,NATIONWIDE,GL,Greenland,8818,Tele Greenland,Greenland,2024-12,2024-12-09/2024-12-15,Tuesday,1,4,2024
1054,2024-12-04 07:15:00+00:00,2024-12-05 05:30:00+00:00,22.25,POWER_OUTAGE,NATIONWIDE,CU,Cuba,27725,Empresa de Telecomunicaciones de Cuba S.A,Cuba,2024-12,2024-12-02/2024-12-08,Wednesday,2,7,2024
1053,2024-12-03 00:25:00+00:00,2024-12-03 03:20:00+00:00,2.9166666666666665,MAINTENANCE,NETWORK,CH,Switzerland,15796,SALT-CH,Switzerland,2024-12,2024-12-02/2024-12-08,Tuesday,1,0,2024
1051,2024-11-29 16:30:00+00:00,2024-11-30 18:45:00+00:00,26.25,CABLE_CUT,NETWORK,NE,Niger,37531,AIRTEL-NIGER,Niger,2024-11,2024-11-25/2024-12-01,Friday,4,16,2024
1050,2024-11-28 05:00:08+00:00,2024-12-09 18:00:00+00:00,276.9977777777778,MILITARY_ACTION,REGIONAL,UA,Ukraine,,Unknown ASN,Unknown,2024-11,2024-11-25/2024-12-01,Thursday,3,5,2024
1049,2024-11-17 05:30:53+00:00,2024-11-23 00:00:00+00:00,138.48527777777778,POWER_OUTAGE,REGIONAL,UA,Ukraine,,Unknown ASN,Unknown,2024-11,2024-11-11/2024-11-17,Sunday,6,5,2024
